# File generated by ImageToStl.com - Free Image and 3D model conversion tools

mtllib model.mtl

o obj1
v -58.108902 19.79257 -244.069183
v -58.108902 6.599998 -244.069183
v -58.108902 6.599998 -217.8685
v -58.108902 19.79257 -217.8685
v -58.108902 6.599998 -191.667786
v -58.108902 19.79257 -191.667786
v -58.108902 6.599998 -165.467087
v -58.108902 19.79257 -165.467087
v -58.108902 6.599998 -139.266388
v -58.108902 19.79257 -139.266388
v -58.108902 6.599998 -113.065689
v -58.108902 19.79257 -113.065689
v -56.450516 6.599998 -80.841148
v -56.450516 19.79257 -80.841148
v -49.634186 6.599998 -47.651428
v -49.634186 19.79257 -47.651428
v -37.709763 6.599998 -15.936642
v -37.709763 19.79257 -15.936642
v -20.970856 6.599998 13.522293
v -20.970856 19.79257 13.522293
v 0.170341 6.599998 40
v 0.170341 19.79257 40
v 25.193291 6.599998 62.844505
v 25.193291 19.79257 62.844505
v 53.481842 6.599998 81.493309
v 53.481842 19.79257 81.493309
v 84.339424 6.599998 95.48719
v 84.339424 19.79257 95.48719
v 117.00621 6.599998 104.481621
v 117.00621 19.79257 104.481621
v 150.677887 6.599998 108.255089
v 150.677887 19.79257 108.255089
v 178.501434 6.599998 108.373085
v 178.501434 19.79257 108.373085
v 204.702118 6.599998 108.373085
v 204.702118 19.79257 108.373085
v 230.902817 6.599998 108.373085
v 230.902817 19.79257 108.373085
v 257.103516 6.599998 108.373085
v 257.103516 19.79257 108.373085
v 283.304199 6.599998 108.373085
v 283.304199 19.79257 108.373085
v -58.108902 32.985142 -244.069183
v -58.108902 32.985142 -217.8685
v -58.108902 32.985142 -191.667786
v -58.108902 32.985142 -165.467087
v -58.108902 32.985142 -139.266388
v -58.108902 32.985142 -113.065689
v -56.450516 32.985142 -80.841148
v -49.634186 32.985142 -47.651428
v -37.709763 32.985142 -15.936642
v -20.970856 32.985142 13.522293
v 0.170341 32.985142 40
v 25.193291 32.985142 62.844505
v 53.481842 32.985142 81.493309
v 84.339424 32.985142 95.48719
v 117.00621 32.985142 104.481621
v 150.677887 32.985142 108.255089
v 178.501434 32.985142 108.373085
v 204.702118 32.985142 108.373085
v 230.902817 32.985142 108.373085
v 257.103516 32.985142 108.373085
v 283.304199 32.985142 108.373085
v -58.108902 46.177711 -244.069183
v -58.108902 46.177711 -217.8685
v -58.108902 46.177711 -191.667786
v -58.108902 46.177711 -165.467087
v -58.108902 46.177711 -139.266388
v -58.108902 46.177711 -113.065689
v -56.450516 46.177711 -80.841148
v -49.634186 46.177711 -47.651428
v -37.709763 46.177711 -15.936642
v -20.970856 46.177711 13.522293
v 0.170341 46.177711 40
v 25.193291 46.177711 62.844505
v 53.481842 46.177711 81.493309
v 84.339424 46.177711 95.48719
v 117.00621 46.177711 104.481621
v 150.677887 46.177711 108.255089
v 178.501434 46.177711 108.373085
v 204.702118 46.177711 108.373085
v 230.902817 46.177711 108.373085
v 257.103516 46.177711 108.373085
v 283.304199 46.177711 108.373085
v 53.641853 79.422989 -244.069183
v 53.641853 85.755424 -244.069183
v 53.641853 85.755424 -217.8685
v 53.641853 79.422989 -217.8685
v 53.641853 85.755424 -191.667786
v 53.641853 79.422989 -191.667786
v 53.641853 85.755432 -165.467087
v 53.641853 79.422997 -165.467087
v 53.641853 85.755432 -139.266388
v 53.641853 79.422997 -139.266373
v 53.641853 85.755424 -113.369492
v 53.641853 79.422989 -113.369492
v 54.484024 85.755417 -94.666756
v 54.484024 79.422989 -94.666733
v 57.770622 85.755409 -78.663872
v 57.770622 79.422974 -78.663872
v 63.521297 85.755409 -63.369087
v 63.521297 79.422974 -63.369087
v 71.593803 85.755417 -49.162193
v 71.593826 79.422989 -49.162193
v 81.78936 85.755424 -36.39304
v 81.78936 79.422989 -36.39304
v 93.856949 85.755417 -25.376045
v 93.856949 79.422989 -25.376045
v 107.499405 85.755417 -16.382473
v 107.499405 79.422989 -16.382473
v 122.380783 85.755424 -9.633751
v 122.380783 79.422989 -9.633751
v 138.134705 85.755417 -5.296112
v 138.134705 79.422989 -5.29612
v 154.697296 85.755417 -3.439987
v 154.697296 79.422989 -3.439987
v 178.519104 85.755417 -3.377663
v 178.519104 79.422989 -3.377663
v 204.702118 85.755417 -3.377663
v 204.702118 79.422989 -3.377663
v 230.902817 85.755417 -3.377663
v 230.902817 79.422989 -3.377663
v 257.103516 85.755417 -3.377663
v 257.103516 79.422989 -3.377663
v 283.304199 85.755417 -3.377663
v 283.304199 79.422989 -3.377663
v 40.141861 59.370285 -244.069183
v 40.141861 72.562859 -244.069183
v 40.141861 72.562859 -217.8685
v 40.141861 59.370285 -217.8685
v 40.141861 72.562859 -191.667786
v 40.141861 59.370285 -191.667786
v 40.141861 72.562859 -165.467087
v 40.141861 59.370285 -165.467087
v 40.141861 72.562859 -139.266388
v 40.141861 59.370285 -139.266388
v 40.141861 72.562859 -113.065689
v 40.141861 59.370285 -113.065689
v 41.045639 72.562859 -92.994812
v 41.045639 59.370285 -92.994812
v 44.760368 72.562859 -74.907234
v 44.760368 59.370285 -74.907234
v 51.258896 72.562859 -57.623451
v 51.258896 59.370285 -57.623451
v 60.381187 72.562859 -41.56905
v 60.381187 59.370285 -41.56905
v 71.902626 72.562859 -27.139339
v 71.902626 59.370285 -27.139339
v 85.53952 72.562859 -14.689636
v 85.53952 59.370285 -14.689636
v 85.53952 59.370285 -14.689636
v 85.53952 72.562859 -14.689636
v 100.956108 72.562859 -4.526497
v 100.956108 59.370285 -4.526497
v 117.77272 72.562859 3.099838
v 117.77272 59.370285 3.099838
v 135.575348 72.562859 8.001579
v 135.575348 59.370285 8.001579
v 153.925583 72.562859 10.058037
v 153.925583 59.370285 10.058037
v 178.501434 72.562859 10.122337
v 178.501434 59.370285 10.122337
v 204.702118 72.562859 10.122337
v 204.702118 59.370285 10.122337
v 230.902817 72.562859 10.122337
v 230.902817 59.370285 10.122337
v 257.103516 72.562859 10.122337
v 257.103516 59.370285 10.122337
v 283.304199 72.562859 10.122337
v 283.304199 59.370285 10.122337
v -18.058136 46.177711 -242.069153
v -18.058136 57.370285 -242.069153
v -18.058136 57.370285 -217.8685
v -18.058136 46.177711 -217.8685
v -18.058136 57.370285 -191.667786
v -18.058136 46.177711 -191.667786
v -18.058136 57.370285 -165.467087
v -18.058136 46.177711 -165.467087
v -18.058136 57.370285 -139.266388
v -18.058136 46.177711 -139.266388
v -18.058136 57.370285 -111.756004
v -18.058136 46.177711 -111.756004
v -16.888779 57.370285 -85.786934
v -16.888779 46.177711 -85.786919
v -11.328262 57.370285 -58.712002
v -11.328262 46.177711 -58.712002
v -1.605705 57.370285 -32.853416
v -1.605721 46.177711 -32.853416
v 12.042313 57.370285 -8.834145
v 12.042313 46.177711 -8.834137
v 29.279755 57.370285 12.754417
v 29.279747 46.177711 12.754417
v 49.682182 57.370285 31.380661
v 49.682182 46.177711 31.380661
v 49.682182 46.177711 31.380661
v 49.682182 57.370285 31.380661
v 72.747208 57.370285 46.58593
v 72.747208 46.177711 46.58593
v 72.747208 46.177711 46.58593
v 72.747208 57.370285 46.58593
v 97.90686 57.370285 57.995827
v 97.90686 46.177711 57.995827
v 124.541672 57.370285 65.329399
v 124.541672 46.177711 65.329399
v 150.598724 57.370285 68.249535
v 150.598724 46.177711 68.249535
v 178.425293 57.370285 68.322334
v 178.425293 46.177711 68.322334
v 204.702118 57.370285 68.322334
v 204.702118 46.177711 68.322334
v 230.902817 57.370285 68.322334
v 230.902817 46.177711 68.322334
v 257.103516 57.370285 68.322334
v 257.103516 46.177711 68.322334
v 281.304199 57.370285 68.322334
v 281.304199 46.177711 68.322334
v -18.058136 32.985142 -242.069153
v -18.058136 32.985142 -217.8685
v -18.058136 32.985142 -191.667786
v -18.058136 32.985142 -165.467087
v -18.058136 32.985142 -139.266388
v -18.058136 32.985142 -111.756004
v -16.888779 32.985142 -85.786934
v -11.328262 32.985142 -58.712002
v -1.605705 32.985142 -32.853409
v 12.042313 32.985142 -8.834145
v 29.279747 32.985142 12.754417
v 49.682182 32.985142 31.380661
v 49.682182 32.985142 31.380661
v 72.747208 32.985142 46.58593
v 72.747208 32.985142 46.58593
v 97.90686 32.985142 57.995827
v 124.541672 32.985142 65.329399
v 150.598724 32.985142 68.249535
v 178.425293 32.985142 68.322334
v 204.702118 32.985142 68.322334
v 230.902817 32.985142 68.322334
v 257.103516 32.985142 68.322334
v 281.304199 32.985142 68.322334
v -18.058136 19.792574 -242.069153
v -18.058136 19.792574 -217.8685
v 40.041855 21.292574 -216.3685
v 40.041855 31.485144 -216.3685
v 40.041855 31.485144 -191.667786
v 40.041855 21.292574 -191.667786
v 40.041855 31.485144 -165.467087
v 40.041855 21.292574 -165.467087
v 40.041855 31.485144 -139.266388
v 40.041855 21.292574 -139.266388
v 40.041855 31.485132 -113.063431
v 40.041862 21.292564 -113.063431
v 40.946098 31.485123 -92.982422
v 40.946091 21.292549 -92.982422
v 44.663994 31.485113 -74.879402
v 44.663994 21.292545 -74.879402
v 51.168068 31.485107 -57.580894
v 51.16806 21.29254 -57.580894
v 60.298134 31.485123 -41.512802
v 60.298134 21.292549 -41.51281
v 71.829391 31.485153 -27.070793
v 71.829391 21.292583 -27.070793
v 85.477898 31.485149 -14.61047
v 85.477913 21.29258 -14.610481
v 100.907639 31.485125 -4.438667
v 100.907639 21.292555 -4.43866
v 117.738602 31.485132 3.194176
v 117.738602 21.292562 3.194176
v 135.556366 31.485144 8.100075
v 135.556366 21.292574 8.100075
v 153.919861 31.485144 10.158012
v 153.919861 21.292574 10.158012
v 178.501297 31.485144 10.222343
v 178.501297 21.292574 10.222343
v 204.702118 31.485144 10.222336
v 204.702118 21.292574 10.222336
v 230.902817 31.485144 10.222336
v 230.902817 21.292574 10.222336
v 255.603516 31.485144 10.222336
v 255.603516 21.292574 10.222336
v 257.103516 19.792574 68.322334
v 281.304199 19.792574 68.322334
v -18.058136 8.600002 -242.069153
v -18.058136 8.600002 -217.8685
v -18.058136 19.792574 -191.667786
v -18.058136 8.600002 -191.667786
v -18.058136 19.792574 -165.467087
v -18.058136 8.600002 -165.467087
v -18.058136 19.792574 -139.266388
v -18.058136 8.600002 -139.266388
v -18.058136 19.792574 -111.756004
v -18.058136 8.600002 -111.756004
v -16.888779 19.792574 -85.786934
v -16.888779 8.600002 -85.786919
v -11.328262 19.792574 -58.712002
v -11.328262 8.600002 -58.712002
v -1.605721 19.792574 -32.853409
v -1.605721 8.600002 -32.853416
v 12.042313 19.792574 -8.834145
v 12.042297 8.600002 -8.834145
v 29.279747 19.792574 12.754417
v 29.279755 8.600002 12.754417
v 49.68219 19.792574 31.380661
v 49.682182 8.600002 31.380661
v 49.682182 8.600002 31.380661
v 72.747208 19.792574 46.58593
v 72.747208 8.600002 46.58593
v 72.747208 8.600002 46.58593
v 72.747208 19.792574 46.58593
v 97.90686 19.792574 57.995827
v 97.90686 8.600002 57.995827
v 124.541672 19.792574 65.329399
v 124.541672 8.600002 65.329399
v 150.598724 19.792574 68.249535
v 150.598724 8.600002 68.249535
v 178.425293 19.792574 68.322334
v 178.425293 8.600002 68.322334
v 204.702118 19.792574 68.322334
v 204.702118 8.600002 68.322334
v 230.902817 19.792574 68.322334
v 230.902817 8.600002 68.322334
v 257.103516 8.600002 68.322334
v 281.304199 8.600002 68.322334
v -58.108902 0 -244.069183
v 40.141861 0 -244.069183
v 40.141861 0 -217.8685
v -58.108902 0 -217.8685
v 40.141861 0 -191.667786
v -58.108902 0 -191.667786
v 40.141861 0 -165.467087
v -58.108902 0 -165.467087
v 40.141861 0 -139.266388
v -58.108902 0 -139.266388
v 40.141861 0 -113.065689
v -58.108902 0 -113.065689
v 41.045639 0 -92.994812
v -56.450516 0 -80.841148
v 44.760368 0 -74.907234
v -49.634186 0 -47.651428
v 51.258896 0 -57.623451
v -37.709763 0 -15.936642
v 60.381187 0 -41.56905
v -20.970856 0 13.522293
v 71.902626 0 -27.139339
v 0.170341 0 40
v 85.53952 0 -14.689636
v 25.193291 0 62.844505
v 25.193291 0 62.844505
v 85.53952 0 -14.689636
v 100.956108 0 -4.526497
v 53.481842 0 81.493309
v 117.77272 0 3.099838
v 84.339424 0 95.48719
v 135.575348 0 8.001579
v 117.00621 0 104.481621
v 153.925583 0 10.058037
v 150.677887 0 108.255089
v 178.501434 0 10.122337
v 178.501434 0 108.373085
v 204.702118 0 10.122337
v 204.702118 0 108.373085
v 230.902817 0 10.122337
v 230.902817 0 108.373085
v 257.103516 0 10.122337
v 257.103516 0 108.373085
v 283.304199 0 10.122337
v 283.304199 0 108.373085
v 302.104187 19.79257 108.373085
v 302.104187 6.599998 108.373085
v 302.104187 6.599998 10.122337
v 302.104187 19.792574 10.122337
v 302.104187 32.985142 108.373085
v 302.104187 32.985142 10.122337
v 302.104187 46.177719 108.373085
v 302.104187 46.177719 10.122337
v 302.104187 52.774658 108.373085
v 302.104187 59.370281 10.122337
v 302.104187 59.370281 101.777473
v 40.141861 19.792574 -262.869141
v 40.141861 6.599998 -262.869141
v -58.108902 6.599998 -262.869141
v -58.108902 19.79257 -262.869141
v 40.141861 32.985142 -262.869141
v -58.108902 32.985142 -262.869141
v 40.141861 46.177711 -262.869141
v -58.108902 46.177711 -262.869141
v 40.141861 59.370285 -262.869141
v -58.108902 52.774654 -262.869141
v -51.513275 59.370281 -262.869141
v 40.141853 72.562859 -262.869141
v -58.108902 65.965904 -262.869141
v -58.108902 72.562851 -262.869141
v -58.108902 79.422989 -244.069183
v -58.108902 72.562851 -244.069183
v -58.108902 72.562851 -217.8685
v -58.108902 79.422989 -217.8685
v -58.108902 72.562851 -191.667786
v -58.108902 79.422989 -191.667786
v -58.108902 72.562851 -165.467087
v -58.108902 79.422989 -165.467087
v -58.108902 72.562851 -139.266388
v -58.108902 79.422989 -139.266388
v -58.108902 72.562851 -113.065689
v -58.108902 79.422989 -113.065689
v -56.450516 72.562851 -80.841148
v -56.450516 79.422989 -80.841148
v -49.634186 72.562851 -47.651428
v -49.634186 79.422989 -47.651428
v -37.709763 72.562851 -15.936642
v -37.709763 79.422989 -15.936642
v -20.970856 72.562851 13.522293
v -20.970856 79.422989 13.522293
v 0.170341 72.562851 40
v 0.170341 79.422989 40
v 25.193291 72.562851 62.844505
v 25.193291 79.422989 62.844505
v 53.481842 72.562851 81.493309
v 53.481842 79.422989 81.493309
v 84.339424 72.562851 95.48719
v 84.339424 79.422989 95.48719
v 117.00621 72.562851 104.481621
v 117.00621 79.422989 104.481621
v 150.677887 72.562851 108.255089
v 150.677887 79.422989 108.255089
v 178.501434 72.562851 108.373085
v 178.501434 79.422989 108.373085
v 204.702118 72.562851 108.373085
v 204.702118 79.422989 108.373085
v 230.902817 72.562851 108.373085
v 230.902817 79.422989 108.373085
v 257.103516 72.562851 108.373085
v 257.103516 79.422989 108.373085
v 283.304199 72.562851 108.373085
v 283.304199 79.422989 108.373085
v 302.104187 79.422989 108.373085
v 302.104187 72.562866 108.373085
v 302.104187 72.562874 10.122337
v 302.104187 79.422989 10.122345
v 257.103516 79.422989 10.122345
v 283.304199 79.422989 10.122345
v 230.902817 79.422989 10.122345
v 204.702118 79.422989 10.122345
v 178.501434 79.422989 10.122345
v 153.925583 79.422989 10.058037
v 135.575348 79.422989 8.001587
v 117.77272 79.422989 3.099838
v 100.956108 79.422989 -4.526497
v 85.53952 79.422989 -14.689632
v 71.902626 79.422989 -27.139339
v 85.53952 79.422989 -14.689632
v 60.381187 79.422989 -41.56905
v 51.258881 79.422989 -57.623451
v 44.760368 79.422989 -74.907234
v 41.045639 79.422989 -92.994804
v 40.141861 79.422989 -113.065689
v 40.141861 79.422989 -139.266373
v 40.141861 79.422989 -165.467087
v 40.141861 79.422989 -191.667786
v 40.141861 79.422989 -217.8685
v 40.141861 79.422989 -244.069183
v 40.141853 79.422989 -262.869141
v -58.108902 79.422989 -262.869141
v 53.641853 85.755424 -244.069183
v 40.141861 85.755424 -244.069183
v 40.141861 85.755424 -217.8685
v 53.641853 85.755424 -217.8685
v 53.641853 79.422989 -217.8685
v 40.141861 79.422989 -217.8685
v 40.141861 79.422989 -244.069183
v 53.641853 79.422989 -244.069183
v 53.641853 79.422989 -244.069183
v 40.141861 79.422989 -244.069183
v 40.141861 85.755424 -244.069183
v 53.641853 85.755424 -244.069183
v 40.141861 85.755424 -191.667786
v 53.641853 85.755424 -191.667786
v 53.641853 79.422989 -191.667786
v 40.141861 79.422989 -191.667786
v 40.141861 85.755424 -165.467087
v 53.641853 85.755432 -165.467087
v 53.641853 79.422997 -165.467087
v 40.141861 79.422989 -165.467087
v 40.141861 85.755424 -139.266388
v 53.641853 85.755432 -139.266388
v 53.641853 79.422997 -139.266373
v 40.141861 79.422989 -139.266373
v 40.141861 85.755424 -113.065689
v 53.641853 85.755424 -113.369492
v 53.641853 79.422989 -113.369492
v 40.141861 79.422989 -113.065689
v 41.045639 85.755424 -92.994812
v 54.484024 85.755417 -94.666756
v 54.484024 79.422989 -94.666733
v 41.045639 79.422989 -92.994804
v 44.760368 85.755424 -74.907234
v 57.770622 85.755409 -78.663872
v 57.770622 79.422974 -78.663872
v 44.760368 79.422989 -74.907234
v 51.258896 85.755424 -57.623451
v 63.521297 85.755409 -63.369087
v 63.521297 79.422974 -63.369087
v 51.258881 79.422989 -57.623451
v 60.381187 85.755424 -41.56905
v 71.593803 85.755417 -49.162193
v 71.593826 79.422989 -49.162193
v 60.381187 79.422989 -41.56905
v 71.902626 85.755424 -27.139339
v 81.78936 85.755424 -36.39304
v 81.78936 79.422989 -36.39304
v 71.902626 79.422989 -27.139339
v 85.53952 85.755424 -14.689636
v 93.856949 85.755417 -25.376045
v 93.856949 79.422989 -25.376045
v 85.53952 79.422989 -14.689632
v 100.956108 85.755424 -4.526497
v 107.499405 85.755417 -16.382473
v 107.499405 79.422989 -16.382473
v 100.956108 79.422989 -4.526497
v 85.53952 79.422989 -14.689632
v 93.856949 79.422989 -25.376045
v 117.77272 85.755424 3.099838
v 122.380783 85.755424 -9.633751
v 122.380783 79.422989 -9.633751
v 117.77272 79.422989 3.099838
v 135.575348 85.755424 8.001579
v 138.134705 85.755417 -5.296112
v 138.134705 79.422989 -5.29612
v 135.575348 79.422989 8.001587
v 153.925583 85.755424 10.058037
v 154.697296 85.755417 -3.439987
v 154.697296 79.422989 -3.439987
v 153.925583 79.422989 10.058037
v 178.501434 85.755424 10.122337
v 178.519104 85.755417 -3.377663
v 178.519104 79.422989 -3.377663
v 178.501434 79.422989 10.122345
v 204.702118 85.755424 10.122337
v 204.702118 85.755417 -3.377663
v 204.702118 79.422989 -3.377663
v 204.702118 79.422989 10.122345
v 230.902817 85.755424 10.122337
v 230.902817 85.755417 -3.377663
v 230.902817 79.422989 -3.377663
v 230.902817 79.422989 10.122345
v 257.103516 85.755424 10.122337
v 257.103516 85.755417 -3.377663
v 257.103516 79.422989 -3.377663
v 257.103516 79.422989 10.122345
v 283.304199 85.755424 10.122337
v 283.304199 85.755417 -3.377663
v 283.304199 85.755417 -3.377663
v 283.304199 85.755424 10.122337
v 283.304199 79.422989 10.122345
v 283.304199 79.422989 -3.377663
v 283.304199 79.422989 -3.377663
v 283.304199 79.422989 10.122345
v -18.058136 57.370285 -242.069153
v 40.141861 59.370285 -244.069183
v 40.141861 59.370285 -217.8685
v -18.058136 57.370285 -217.8685
v -18.058136 46.177711 -242.069153
v 40.141861 46.177711 -244.069183
v 40.141861 59.370285 -244.069183
v -18.058136 57.370285 -242.069153
v 40.141861 59.370285 -191.667786
v -18.058136 57.370285 -191.667786
v 40.141861 59.370285 -165.467087
v -18.058136 57.370285 -165.467087
v 40.141861 59.370285 -139.266388
v -18.058136 57.370285 -139.266388
v 40.141861 59.370285 -113.065689
v -18.058136 57.370285 -111.756004
v 41.045639 59.370285 -92.994812
v -16.888779 57.370285 -85.786934
v 44.760368 59.370285 -74.907234
v -11.328262 57.370285 -58.712002
v 51.258896 59.370285 -57.623451
v -1.605705 57.370285 -32.853416
v 60.381187 59.370285 -41.56905
v 12.042313 57.370285 -8.834145
v 71.902626 59.370285 -27.139339
v 29.279755 57.370285 12.754417
v 85.53952 59.370285 -14.689636
v 49.682182 57.370285 31.380661
v 49.682182 57.370285 31.380661
v 85.53952 59.370285 -14.689636
v 100.956108 59.370285 -4.526497
v 72.747208 57.370285 46.58593
v 117.77272 59.370285 3.099838
v 97.90686 57.370285 57.995827
v 135.575348 59.370285 8.001579
v 124.541672 57.370285 65.329399
v 153.925583 59.370285 10.058037
v 150.598724 57.370285 68.249535
v 178.501434 59.370285 10.122337
v 178.425293 57.370285 68.322334
v 204.702118 59.370285 10.122337
v 204.702118 57.370285 68.322334
v 230.902817 59.370285 10.122337
v 230.902817 57.370285 68.322334
v 257.103516 59.370285 10.122337
v 257.103516 57.370285 68.322334
v 283.304199 59.370285 10.122337
v 281.304199 57.370285 68.322334
v 281.304199 57.370285 68.322334
v 283.304199 59.370285 10.122337
v 283.304199 46.177711 10.122337
v 281.304199 46.177711 68.322334
v -18.058136 32.985142 -242.069153
v 40.141861 32.985142 -244.069183
v 283.304199 32.985142 10.122337
v 281.304199 32.985142 68.322334
v -18.058136 19.792574 -242.069153
v 40.141861 19.792574 -244.069183
v 283.304199 19.792574 10.122337
v 281.304199 19.792574 68.322334
v -18.058136 8.600002 -217.8685
v 40.141861 6.600002 -217.8685
v 40.141861 6.600002 -244.069183
v -18.058136 8.600002 -242.069153
v -18.058136 8.600002 -242.069153
v 40.141861 6.600002 -244.069183
v -18.058136 8.600002 -191.667786
v 40.141861 6.600002 -191.667786
v -18.058136 8.600002 -165.467087
v 40.141861 6.600002 -165.467087
v -18.058136 8.600002 -139.266388
v 40.141861 6.600002 -139.266388
v -18.058136 8.600002 -111.756004
v 40.141861 6.600002 -113.065689
v -16.888779 8.600002 -85.786919
v 41.045639 6.600002 -92.994812
v -11.328262 8.600002 -58.712002
v 44.760368 6.600002 -74.907234
v -1.605721 8.600002 -32.853416
v 51.258896 6.600002 -57.623451
v 12.042297 8.600002 -8.834145
v 60.381187 6.600002 -41.56905
v 29.279755 8.600002 12.754417
v 71.902626 6.600002 -27.139339
v 49.682182 8.600002 31.380661
v 85.53952 6.600002 -14.689636
v 72.747208 8.600002 46.58593
v 100.956108 6.600002 -4.526497
v 85.53952 6.600002 -14.689636
v 49.682182 8.600002 31.380661
v 97.90686 8.600002 57.995827
v 117.77272 6.600002 3.099838
v 124.541672 8.600002 65.329399
v 135.575348 6.600002 8.001579
v 150.598724 8.600002 68.249535
v 153.925583 6.599998 10.058037
v 178.425293 8.600002 68.322334
v 178.501434 6.599998 10.122337
v 204.702118 8.600002 68.322334
v 204.702118 6.599998 10.122337
v 230.902817 8.600002 68.322334
v 230.902817 6.599998 10.122337
v 257.103516 8.600002 68.322334
v 257.103516 6.599998 10.122337
v 283.304199 6.599998 10.122337
v 281.304199 8.600002 68.322334
v 281.304199 8.600002 68.322334
v 283.304199 6.599998 10.122337
v 40.141861 0 -244.069183
v 40.141861 6.600002 -244.069183
v 40.141861 6.600002 -217.8685
v 40.141861 0 -217.8685
v -58.108902 0 -217.8685
v -58.108902 0 -244.069183
v -58.108902 0 -262.869141
v 40.141861 0 -262.869141
v 40.141861 6.600002 -191.667786
v 40.141861 0 -191.667786
v -58.108902 0 -191.667786
v 40.141861 6.600002 -165.467087
v 40.141861 0 -165.467087
v -58.108902 0 -165.467087
v 40.141861 6.600002 -139.266388
v 40.141861 0 -139.266388
v -58.108902 0 -139.266388
v 40.141861 6.600002 -113.065689
v 40.141861 0 -113.065689
v -58.108902 0 -113.065689
v 41.045639 6.600002 -92.994812
v 41.045639 0 -92.994812
v -56.450516 0 -80.841148
v 44.760368 6.600002 -74.907234
v 44.760368 0 -74.907234
v -49.634186 0 -47.651428
v 51.258896 6.600002 -57.623451
v 51.258896 0 -57.623451
v -37.709763 0 -15.936642
v 60.381187 6.600002 -41.56905
v 60.381187 0 -41.56905
v -20.970856 0 13.522293
v 71.902626 6.600002 -27.139339
v 71.902626 0 -27.139339
v 0.170341 0 40
v 85.53952 6.600002 -14.689636
v 85.53952 0 -14.689636
v 25.193291 0 62.844505
v 85.53952 0 -14.689636
v 85.53952 6.600002 -14.689636
v 100.956108 6.600002 -4.526497
v 100.956108 0 -4.526497
v 53.481842 0 81.493309
v 100.956108 0 -4.526497
v 100.956108 6.600002 -4.526497
v 117.77272 6.600002 3.099838
v 117.77272 0 3.099838
v 84.339424 0 95.48719
v 135.575348 6.600002 8.001579
v 135.575348 0 8.001579
v 117.00621 0 104.481621
v 153.925583 6.599998 10.058037
v 153.925583 0 10.058037
v 150.677887 0 108.255089
v 178.501434 6.599998 10.122337
v 178.501434 0 10.122337
v 178.501434 0 108.373085
v 204.702118 6.599998 10.122337
v 204.702118 0 10.122337
v 204.702118 0 108.373085
v 230.902817 6.599998 10.122337
v 230.902817 0 10.122337
v 230.902817 0 108.373085
v 257.103516 6.599998 10.122337
v 257.103516 0 10.122337
v 257.103516 0 108.373085
v 283.304199 6.599998 10.122337
v 283.304199 0 10.122337
v 302.104187 0 10.122337
v 302.104187 0 108.373085
v 283.304199 0 108.373085
v 295.104218 6.599998 10.122337
v 294.846649 6.599998 10.122337
v 294.846649 19.792574 10.122337
v 295.104218 19.792574 10.122337
v 295.104218 19.79257 108.373085
v 294.846649 19.79257 108.373085
v 294.846649 6.599998 108.373085
v 295.104218 6.599998 108.373085
v 294.846649 32.985142 10.122337
v 295.104218 32.985142 10.122337
v 295.104218 32.985142 108.373085
v 294.846649 32.985142 108.373085
v 294.846649 46.177711 10.122337
v 295.104218 46.177711 10.122337
v 295.104218 46.177711 108.373085
v 294.846649 46.177711 108.373085
v 294.846649 59.370285 10.122337
v 295.104218 59.370285 10.122337
v 294.846649 72.562859 10.122337
v 295.104218 72.562859 10.122337
v 295.104187 79.422989 10.122345
v 294.846619 79.422989 10.122345
v 294.846649 85.755424 10.122337
v 295.104218 85.755424 10.122337
v 295.104218 79.422989 108.373085
v 294.846649 79.422989 108.373085
v 294.846649 72.562851 108.373085
v 295.104218 72.562851 108.373085
v 294.846649 0 108.373085
v 295.104218 0 108.373085
v 295.104218 0 108.373085
v 294.846649 0 108.373085
v 294.846649 0 10.122337
v 295.104218 0 10.122337
v 295.104218 0 10.122337
v 294.846649 0 10.122337
v -58.108902 6.599998 -255.869171
v -58.108902 19.79257 -255.869171
v 40.141861 19.792574 -255.869171
v 40.141861 19.792574 -244.069183
v 40.141861 6.599998 -255.869171
v -58.108902 32.985142 -255.869171
v 40.141861 32.985142 -255.869171
v 40.141861 32.985142 -244.069183
v -58.108902 46.177711 -255.869171
v 40.141861 46.177711 -255.869171
v 40.141861 46.177711 -244.069183
v 40.141861 59.370285 -255.869171
v 40.141853 72.562859 -255.869171
v 40.141861 85.755424 -255.869171
v 40.141861 85.755424 -244.069183
v 40.141853 79.422989 -255.869171
v -58.108902 72.562851 -255.869171
v -58.108902 79.422989 -255.869171
v 40.141861 0 -255.869171
v 40.141861 0 -255.869171
v -58.108902 0 -255.869171
v -58.108902 0 -255.869171
v 302.104187 65.965897 108.373085
v -58.108902 52.774654 -255.869171
v -58.108902 52.774654 -244.069183
v -58.108902 65.965904 -244.069183
v -58.108902 65.965904 -255.869171
v -58.108902 65.965904 -217.8685
v -58.108902 52.774654 -217.8685
v -58.108902 65.965904 -191.667786
v -58.108902 52.774654 -191.667786
v -58.108902 65.965904 -165.467087
v -58.108902 52.774654 -165.467087
v -58.108902 65.965904 -139.266388
v -58.108902 52.774654 -139.266388
v -58.108902 65.965904 -113.065689
v -58.108902 52.774654 -113.065689
v -56.450516 65.965904 -80.841148
v -56.450516 52.774654 -80.841148
v -49.634186 65.965904 -47.651428
v -49.634186 52.774654 -47.651428
v -37.709763 65.965904 -15.936642
v -37.709763 52.774654 -15.936642
v -20.970856 65.965904 13.522293
v -20.970856 52.774654 13.522293
v 0.170341 65.965904 40
v 0.170341 52.774654 40
v 25.193291 65.965904 62.844505
v 25.193291 52.774654 62.844505
v 53.481842 65.965904 81.493309
v 53.481842 52.774654 81.493309
v 84.339424 65.965904 95.48719
v 84.339424 52.774654 95.48719
v 117.00621 65.965904 104.481621
v 117.00621 52.774654 104.481621
v 150.677887 65.965904 108.255089
v 150.677887 52.774654 108.255089
v 178.501434 65.965904 108.373085
v 178.501434 52.774654 108.373085
v 204.702118 65.965904 108.373085
v 204.702118 52.774654 108.373085
v 230.902817 65.965904 108.373085
v 230.902817 52.774654 108.373085
v 257.103516 65.965904 108.373085
v 257.103516 52.774654 108.373085
v 283.304199 65.965904 108.373085
v 283.304199 52.774654 108.373085
v 295.104218 65.965904 108.373085
v 294.846619 65.965904 108.373085
v 294.846649 52.774654 108.373085
v 295.104218 52.774654 108.373085
v 295.104218 59.370277 108.373085
v -54.608902 52.374657 -244.069183
v -54.608902 46.577713 -244.069183
v -54.608902 46.577713 -217.8685
v -54.608902 52.374657 -217.8685
v -54.608902 46.577713 -191.667786
v -54.608902 52.374657 -191.667786
v -54.608902 46.577713 -165.467087
v -54.608902 52.374657 -165.467087
v -54.608902 46.577713 -139.266388
v -54.608902 52.374657 -139.266388
v -54.608902 46.577713 -113.155701
v -54.608902 52.374657 -113.155701
v -52.96875 46.577713 -81.285683
v -52.96875 52.374657 -81.285683
v -46.261154 46.577713 -48.625374
v -46.261154 52.374657 -48.625374
v -34.530624 46.577713 -17.42625
v -34.530624 52.374657 -17.42625
v -18.063889 46.577713 11.553696
v -18.063889 52.374657 11.553696
v 2.733582 46.577713 37.600883
v 2.733582 52.374657 37.600883
v 27.349663 46.577713 60.073952
v 27.349663 52.374657 60.073952
v 55.178246 46.577713 78.419533
v 55.178246 52.374657 78.419533
v 85.534103 46.577713 92.18589
v 85.534103 52.374657 92.18589
v 117.669746 46.577713 101.034065
v 117.669746 52.374657 101.034065
v 150.880798 46.577713 104.755928
v 150.880798 52.374657 104.755928
v 178.50885 46.577713 104.873085
v 178.50885 52.374657 104.873085
v 204.702118 46.577713 104.8731
v 204.702118 52.374657 104.8731
v 230.902817 46.577713 104.8731
v 230.902817 52.374657 104.8731
v 257.103516 46.577713 104.8731
v 257.103516 52.374657 104.8731
v 283.304199 46.577713 104.8731
v 283.304199 52.374657 104.8731
v 294.704224 52.374657 104.8731
v 294.455414 52.374657 104.8731
v 294.455414 46.577713 104.8731
v 294.704224 46.577713 104.8731
v -54.608902 46.577713 -255.469147
v -54.608902 52.374657 -255.469147
v 302.104187 59.370277 108.373085
v -58.108902 46.577713 -244.069183
v -58.108902 46.577713 -217.8685
v -58.108902 52.374657 -217.8685
v -58.108902 52.374657 -244.069183
v -58.108902 46.577713 -191.667786
v -58.108902 52.374657 -191.667786
v -58.108902 46.577713 -165.467087
v -58.108902 52.374657 -165.467087
v -58.108902 46.577713 -139.266388
v -58.108902 52.374657 -139.266388
v -58.108902 46.577713 -113.065689
v -58.108902 52.374657 -113.065689
v -56.450516 46.577713 -80.841148
v -56.450516 52.374657 -80.841148
v -49.634186 46.577713 -47.651428
v -49.634186 52.374657 -47.651428
v -37.709763 46.577713 -15.936642
v -37.709763 52.374657 -15.936642
v -20.970856 46.577713 13.522293
v -20.970856 52.374657 13.522293
v 0.170341 46.577713 40
v 0.170341 52.374657 40
v 25.193291 46.577713 62.844505
v 25.193291 52.374657 62.844505
v 53.481842 46.577713 81.493309
v 53.481842 52.374657 81.493309
v 84.339424 46.577713 95.48719
v 84.339424 52.374657 95.48719
v 117.00621 46.577713 104.481621
v 117.00621 52.374657 104.481621
v 150.677887 46.577713 108.255089
v 150.677887 52.374657 108.255089
v 178.501434 46.577713 108.373085
v 178.501434 52.374657 108.373085
v 204.702118 46.577713 108.373085
v 204.702118 52.374657 108.373085
v 230.902817 46.577713 108.373085
v 230.902817 52.374657 108.373085
v 257.103516 46.577713 108.373085
v 257.103516 52.374657 108.373085
v 283.304199 46.577713 108.373085
v 283.304199 52.374657 108.373085
v 294.455414 46.577713 108.373085
v 294.704224 46.577713 108.373085
v 294.704224 52.374657 108.373085
v 294.455414 52.374657 108.373085
v -58.108902 52.374657 -255.469147
v -58.108902 46.577713 -255.469147
v -54.608902 46.577713 -244.069183
v -58.108902 46.577713 -244.069183
v -58.108902 46.577713 -217.8685
v -54.608902 46.577713 -217.8685
v -54.608902 52.374657 -217.8685
v -58.108902 52.374657 -217.8685
v -58.108902 52.374657 -244.069183
v -54.608902 52.374657 -244.069183
v -58.108902 46.577713 -191.667786
v -54.608902 46.577713 -191.667786
v -54.608902 52.374657 -191.667786
v -58.108902 52.374657 -191.667786
v -58.108902 46.577713 -165.467087
v -54.608902 46.577713 -165.467087
v -54.608902 52.374657 -165.467087
v -58.108902 52.374657 -165.467087
v -58.108902 46.577713 -139.266388
v -54.608902 46.577713 -139.266388
v -54.608902 52.374657 -139.266388
v -58.108902 52.374657 -139.266388
v -58.108902 46.577713 -113.065689
v -54.608902 46.577713 -113.155701
v -54.608902 52.374657 -113.155701
v -58.108902 52.374657 -113.065689
v -56.450516 46.577713 -80.841148
v -52.96875 46.577713 -81.285683
v -52.96875 52.374657 -81.285683
v -56.450516 52.374657 -80.841148
v -49.634186 46.577713 -47.651428
v -46.261154 46.577713 -48.625374
v -46.261154 52.374657 -48.625374
v -49.634186 52.374657 -47.651428
v -37.709763 46.577713 -15.936642
v -34.530624 46.577713 -17.42625
v -34.530624 52.374657 -17.42625
v -37.709763 52.374657 -15.936642
v -20.970856 46.577713 13.522293
v -18.063889 46.577713 11.553696
v -18.063889 52.374657 11.553696
v -20.970856 52.374657 13.522293
v 0.170341 46.577713 40
v 2.733582 46.577713 37.600883
v 2.733582 52.374657 37.600883
v 0.170341 52.374657 40
v 25.193291 46.577713 62.844505
v 27.349663 46.577713 60.073952
v 27.349663 52.374657 60.073952
v 25.193291 52.374657 62.844505
v 53.481842 46.577713 81.493309
v 55.178246 46.577713 78.419533
v 55.178246 52.374657 78.419533
v 53.481842 52.374657 81.493309
v 84.339424 46.577713 95.48719
v 85.534103 46.577713 92.18589
v 85.534103 52.374657 92.18589
v 84.339424 52.374657 95.48719
v 117.00621 46.577713 104.481621
v 117.669746 46.577713 101.034065
v 117.669746 52.374657 101.034065
v 117.00621 52.374657 104.481621
v 150.677887 46.577713 108.255089
v 150.880798 46.577713 104.755928
v 150.880798 52.374657 104.755928
v 150.677887 52.374657 108.255089
v 178.501434 46.577713 108.373085
v 178.50885 46.577713 104.873085
v 178.50885 52.374657 104.873085
v 178.501434 52.374657 108.373085
v 204.702118 46.577713 108.373085
v 204.702118 46.577713 104.8731
v 204.702118 52.374657 104.8731
v 204.702118 52.374657 108.373085
v 230.902817 46.577713 108.373085
v 230.902817 46.577713 104.8731
v 230.902817 52.374657 104.8731
v 230.902817 52.374657 108.373085
v 257.103516 46.577713 108.373085
v 257.103516 46.577713 104.8731
v 257.103516 52.374657 104.8731
v 257.103516 52.374657 108.373085
v 283.304199 46.577713 108.373085
v 283.304199 46.577713 104.8731
v 283.304199 52.374657 104.8731
v 283.304199 52.374657 108.373085
v 294.455414 46.577713 104.8731
v 294.455414 46.577713 108.373085
v 294.704224 46.577713 108.373085
v 294.704224 46.577713 104.8731
v 294.704224 52.374657 108.373085
v 294.704224 52.374657 104.8731
v 294.455414 52.374657 108.373085
v 294.455414 52.374657 104.8731
v -58.108902 52.374657 -255.469147
v -54.608902 52.374657 -255.469147
v -54.608902 46.577713 -255.469147
v -58.108902 46.577713 -255.469147
v -18.058136 31.485144 -216.3685
v -18.058136 31.485144 -191.667786
v -18.058136 21.292574 -191.667786
v -18.058136 21.292574 -216.3685
v -18.058136 31.485144 -165.467087
v -18.058136 21.292574 -165.467087
v -18.058136 31.485144 -139.266388
v -18.058136 21.292574 -139.266388
v -18.058136 31.485144 -111.756004
v -18.058136 21.292574 -111.756004
v -16.888779 31.485144 -85.786934
v -16.888779 21.292574 -85.786934
v -11.328262 31.485144 -58.712002
v -11.328262 21.292574 -58.712002
v -1.605705 31.485144 -32.853409
v -1.605721 21.292574 -32.853409
v 12.042313 31.485144 -8.834145
v 12.042313 21.292574 -8.834145
v 29.279747 31.485144 12.754417
v 29.279747 21.292574 12.754417
v 49.682182 31.485144 31.380661
v 49.68219 21.292574 31.380661
v 49.682182 31.485144 31.380661
v 72.747208 31.485144 46.58593
v 72.747208 21.292574 46.58593
v 72.747208 31.485144 46.58593
v 97.90686 31.485144 57.995827
v 97.90686 21.292574 57.995827
v 72.747208 21.292574 46.58593
v 124.541672 31.485144 65.329399
v 124.541672 21.292574 65.329399
v 150.598724 31.485144 68.249535
v 150.598724 21.292574 68.249535
v 178.425293 31.485144 68.322334
v 178.425293 21.292574 68.322334
v 204.702118 31.485144 68.322334
v 204.702118 21.292574 68.322334
v 230.902817 31.485144 68.322334
v 230.902817 21.292574 68.322334
v 255.603516 31.485144 68.322334
v 255.603516 21.292574 68.322334
v 40.041855 31.485144 -216.3685
v -18.058136 31.485144 -216.3685
v -18.058136 31.485144 -191.667786
v 40.041855 31.485144 -191.667786
v 40.041855 21.292574 -191.667786
v -18.058136 21.292574 -191.667786
v -18.058136 21.292574 -216.3685
v 40.041855 21.292574 -216.3685
v -18.058136 31.485144 -216.3685
v 40.041855 31.485144 -216.3685
v -18.058136 31.485144 -165.467087
v 40.041855 31.485144 -165.467087
v 40.041855 21.292574 -165.467087
v -18.058136 21.292574 -165.467087
v -18.058136 31.485144 -139.266388
v 40.041855 31.485144 -139.266388
v 40.041855 21.292574 -139.266388
v -18.058136 21.292574 -139.266388
v -18.058136 31.485144 -111.756004
v 40.041855 31.485132 -113.063431
v 40.041862 21.292564 -113.063431
v -18.058136 21.292574 -111.756004
v -16.888779 31.485144 -85.786934
v 40.946098 31.485123 -92.982422
v 40.946091 21.292549 -92.982422
v -16.888779 21.292574 -85.786934
v -11.328262 31.485144 -58.712002
v 44.663994 31.485113 -74.879402
v 44.663994 21.292545 -74.879402
v -11.328262 21.292574 -58.712002
v -1.605705 31.485144 -32.853409
v 51.168068 31.485107 -57.580894
v 51.16806 21.29254 -57.580894
v -1.605721 21.292574 -32.853409
v 12.042313 31.485144 -8.834145
v 60.298134 31.485123 -41.512802
v 60.298134 21.292549 -41.51281
v 12.042313 21.292574 -8.834145
v 29.279747 31.485144 12.754417
v 71.829391 31.485153 -27.070793
v 71.829391 21.292583 -27.070793
v 29.279747 21.292574 12.754417
v 49.682182 31.485144 31.380661
v 85.477898 31.485149 -14.61047
v 85.477913 21.29258 -14.610481
v 49.68219 21.292574 31.380661
v 85.477898 31.485149 -14.61047
v 49.682182 31.485144 31.380661
v 72.747208 31.485144 46.58593
v 100.907639 31.485125 -4.438667
v 100.907639 21.292555 -4.43866
v 85.477913 21.29258 -14.610481
v 97.90686 31.485144 57.995827
v 117.738602 31.485132 3.194176
v 117.738602 21.292562 3.194176
v 97.90686 21.292574 57.995827
v 124.541672 31.485144 65.329399
v 135.556366 31.485144 8.100075
v 135.556366 21.292574 8.100075
v 124.541672 21.292574 65.329399
v 150.598724 31.485144 68.249535
v 153.919861 31.485144 10.158012
v 153.919861 21.292574 10.158012
v 150.598724 21.292574 68.249535
v 178.425293 31.485144 68.322334
v 178.501297 31.485144 10.222343
v 178.501297 21.292574 10.222343
v 178.425293 21.292574 68.322334
v 204.702118 31.485144 68.322334
v 204.702118 31.485144 10.222336
v 204.702118 21.292574 10.222336
v 204.702118 21.292574 68.322334
v 230.902817 31.485144 68.322334
v 230.902817 31.485144 10.222336
v 230.902817 21.292574 10.222336
v 230.902817 21.292574 68.322334
v 255.603516 31.485144 68.322334
v 255.603516 21.292574 68.322334
v 283.304199 19.792574 10.122337
v 283.304199 32.985142 10.122337
v 283.304199 46.177711 10.122337
v 283.304199 85.755424 10.122337
v 302.104187 6.599998 10.122337
v 302.104187 19.792574 10.122337
v 302.104187 19.79257 108.373085
v 302.104187 6.599998 108.373085
v 302.104187 32.985142 10.122337
v 302.104187 32.985142 108.373085
v 302.104187 46.177719 10.122337
v 302.104187 46.177719 108.373085
v 302.104187 59.370281 10.122337
v 302.104187 52.774658 108.373085
v 302.104187 79.422989 10.122345
v 302.104187 85.755386 10.122337
v 302.104187 72.562874 10.122337
v 302.104187 79.422989 108.373085
v 302.104187 72.562866 108.373085
v 302.104187 0 108.373085
v 302.104187 0 108.373085
v 302.104187 0 10.122337
v 302.104187 0 10.122337
v 302.104187 65.965897 108.373085
v 302.104187 59.370277 108.373085
v 40.141861 19.792574 -262.869141
v 40.141861 6.599998 -262.869141
v 40.141861 32.985142 -262.869141
v 40.141861 46.177711 -262.869141
v 40.141861 59.370285 -262.869141
v 40.141853 72.562859 -262.869141
v 40.141861 85.755424 -262.869141
v 40.141853 79.422989 -262.869141
v 40.141861 0 -262.869141
v 40.141861 0 -262.869141
v -58.108902 0 -262.869141
v -55.576202 85.755424 -217.8685
v -55.576202 85.755424 -244.069183
v -56.358841 85.63147 -244.069183
v -56.358841 85.63147 -217.8685
v -57.06488 85.271729 -244.069183
v -57.06488 85.271729 -217.8685
v -57.06488 85.271729 -217.8685
v -57.06488 85.271729 -244.069183
v -57.625198 84.711411 -244.069183
v -57.625198 84.711411 -217.8685
v -57.98494 84.005371 -244.069183
v -57.98494 84.005371 -217.8685
v -58.108902 83.222725 -244.069183
v -58.108902 83.222725 -217.8685
v -58.108902 83.222725 -191.667786
v -58.108902 83.222725 -165.467087
v -58.108902 83.222725 -139.266388
v -58.108902 83.222725 -113.065689
v -56.450516 83.222725 -80.841148
v -49.634186 83.222725 -47.651428
v -37.709763 83.222725 -15.936642
v -20.970856 83.222725 13.522293
v 0.170341 83.222725 40
v 25.193291 83.222725 62.844505
v 53.481842 83.222725 81.493309
v 84.339424 83.222725 95.48719
v 117.00621 83.222725 104.481621
v 150.677887 83.222725 108.255089
v 178.501434 83.222725 108.373085
v 204.702118 83.222725 108.373085
v 230.902817 83.222725 108.373085
v 257.103516 83.222725 108.373085
v 283.304199 83.222725 108.373085
v -55.576202 85.755424 -191.667786
v -55.576202 85.755424 -165.467087
v -55.576202 85.755424 -139.266388
v -55.576202 85.755424 -113.130829
v -53.931 85.755424 -81.162827
v -47.193375 85.755424 -48.356201
v -35.409241 85.755424 -17.014561
v -18.867279 85.755424 12.097755
v 2.025169 85.755424 38.263931
v 26.753708 85.755424 60.839653
v 54.709412 85.755424 79.269035
v 85.203934 85.755424 93.098274
v 117.486366 85.755424 101.98687
v 150.824707 85.755424 105.722984
v 178.501434 85.755424 105.840385
v 204.702118 85.755424 105.840385
v 230.902817 85.755424 105.840385
v 257.103516 85.755424 105.840385
v 283.304199 85.755424 105.840385
v 295.104218 85.755424 10.122337
v 294.846649 85.755424 10.122337
v 294.846649 85.755424 105.840385
v 295.104218 85.755424 105.840385
v 295.104218 83.222725 108.373085
v 294.846649 83.222725 108.373085
v -58.108902 83.222725 -255.869171
v -55.576202 85.755424 -255.869171
v 40.141861 85.755424 -255.869171
v 302.104187 85.755386 10.122337
v 302.104187 85.755386 105.840385
v 302.104187 83.222687 108.373085
v -58.108902 83.222725 -262.869141
v -55.576202 85.755424 -262.869141
v 40.141861 85.755424 -262.869141
v 302.104187 84.005325 108.249123
v 302.104187 83.222687 108.373085
v 302.104187 85.755386 10.122337
v 302.104187 85.755386 105.840385
v 302.104187 85.631416 106.623039
v 302.104187 85.271675 107.329079
v 302.104187 84.711365 107.889381
v -56.358841 85.63147 -262.869141
v -55.576202 85.755424 -262.869141
v 40.141861 85.755424 -262.869141
v -57.98494 84.005371 -262.869141
v -57.625198 84.711411 -262.869141
v -57.06488 85.271729 -262.869141
v -56.358841 85.63147 -255.869171
v -57.06488 85.271729 -255.869171
v -57.625198 84.711411 -255.869171
v -57.06488 85.271729 -255.869171
v -57.98494 84.005371 -255.869171
v -57.98494 84.005371 -191.667786
v -57.625198 84.711411 -191.667786
v -57.06488 85.271729 -191.667786
v -56.358841 85.63147 -191.667786
v -57.06488 85.271729 -191.667786
v -57.98494 84.005371 -165.467087
v -57.625198 84.711411 -165.467087
v -57.06488 85.271729 -165.467087
v -56.358841 85.63147 -165.467087
v -57.06488 85.271729 -165.467087
v -57.98494 84.005371 -139.266388
v -57.625198 84.711411 -139.266388
v -57.06488 85.271729 -139.266388
v -56.358841 85.63147 -139.266388
v -57.06488 85.271729 -139.266388
v -57.98494 84.005371 -113.068893
v -57.625198 84.711411 -113.078125
v -57.06488 85.271729 -113.092545
v -56.358841 85.63147 -113.110687
v -57.06488 85.271729 -113.092545
v -56.327194 84.005371 -80.856888
v -55.96933 84.711411 -80.90258
v -55.411942 85.271729 -80.973747
v -54.709579 85.63147 -81.063423
v -55.411942 85.271729 -80.973747
v -49.514725 84.005371 -47.685921
v -49.16803 84.711411 -47.786026
v -48.628036 85.271729 -47.941944
v -47.947617 85.63147 -48.138416
v -48.628036 85.271729 -47.941944
v -37.597168 84.005371 -15.989395
v -37.270401 84.711411 -16.142506
v -36.761459 85.271729 -16.380978
v -36.120132 85.63147 -16.681469
v -36.761459 85.271729 -16.380978
v -20.867905 84.005371 13.452568
v -20.569107 84.711411 13.250229
v -20.103745 85.271729 12.935074
v -19.517334 85.63147 12.537964
v -20.103745 85.271729 12.935074
v 0.261124 84.005371 39.915024
v 0.52459 84.711411 39.668434
v 0.934937 85.271729 39.284363
v 1.451996 85.63147 38.800407
v 0.934937 85.271729 39.284363
v 25.269669 84.005371 62.746376
v 25.49131 84.711411 62.461601
v 25.836525 85.271729 62.018074
v 26.271515 85.63147 61.459175
v 25.836525 85.271729 62.018074
v 53.541924 84.005371 81.384438
v 53.716286 84.711411 81.068504
v 53.987862 85.271729 80.576424
v 54.33007 85.63147 79.956367
v 53.987862 85.271729 80.576424
v 84.381737 84.005371 95.370277
v 84.504532 84.711411 95.030952
v 84.695786 85.271729 94.502449
v 84.936783 85.63147 93.836494
v 84.695786 85.271729 94.502449
v 117.029716 84.005371 104.35952
v 117.097923 84.711411 104.005165
v 117.204147 85.271729 103.453239
v 117.337982 85.63147 102.75779
v 117.204147 85.271729 103.453239
v 150.685059 84.005371 108.131172
v 150.705917 84.711411 107.771507
v 150.738388 85.271729 107.211327
v 150.779343 85.63147 106.505455
v 150.738388 85.271729 107.211327
v 178.501434 84.005371 108.249123
v 178.501434 84.711411 107.889381
v 178.501434 85.271729 107.329063
v 178.501434 85.63147 106.623039
v 178.501434 85.271729 107.329063
v 204.702118 84.005371 108.249123
v 204.702118 84.711411 107.889381
v 204.702118 85.271729 107.329079
v 204.702118 85.63147 106.623039
v 204.702118 85.271729 107.329079
v 230.902817 84.005371 108.249123
v 230.902817 84.711411 107.889381
v 230.902817 85.271729 107.329079
v 230.902817 85.63147 106.623039
v 230.902817 85.271729 107.329079
v 257.103516 84.005371 108.249123
v 257.103516 84.711411 107.889381
v 257.103516 85.271729 107.329079
v 257.103516 85.63147 106.623039
v 257.103516 85.271729 107.329079
v 283.304199 84.005371 108.249123
v 283.304199 84.711411 107.889381
v 283.304199 85.271729 107.329079
v 283.304199 85.63147 106.623039
v 283.304199 85.271729 107.329079
v 294.846649 84.005371 108.249123
v 294.846649 84.711411 107.889381
v 294.846649 85.271729 107.329079
v 283.304199 84.711411 107.889381
v 294.846649 84.711411 107.889381
v 294.846649 85.63147 106.623039
v 295.104218 84.005371 108.249123
v 295.104218 84.711411 107.889381
v 295.104218 85.271729 107.329079
v 295.104218 84.711411 107.889381
v 295.104218 85.63147 106.623039
v -56.358841 85.63147 -262.869141
v -57.06488 85.271729 -262.869141
v 302.104187 84.005325 108.249123
v 302.104187 84.711365 107.889381
v 302.104187 85.271675 107.329079
v 302.104187 84.711365 107.889381
v 302.104187 85.631416 106.623039
vn -1 0 0
vn -0.9996 0 0.02837
vn -0.99171 0 0.12848
vn -0.96075 0 0.27741
vn -0.90553 0 0.42429
vn -0.828 0 0.56072
vn -0.73009 0 0.68335
vn -0.61421 0 0.78914
vn -0.4832 0 0.87551
vn -0.34029 0 0.94032
vn -0.189 0 0.98198
vn -0.06316 0 0.998
vn -0.00218 0 1
vn 0 0 1
vn -0.61421 0 0.78915
vn 1 0 0
vn 0.99982 -0 -0.01888
vn 0.993 -0 -0.11813
vn 0.993 -0 -0.11813
vn 0.96075 -0 -0.27742
vn 0.90553 0 -0.42429
vn 0.828 0 -0.56072
vn 0.73009 0 -0.68335
vn 0.61421 0 -0.78915
vn 0.4832 0 -0.87551
vn 0.34029 0 -0.94032
vn 0.18823 0 -0.98212
vn 0.04745 0 -0.99887
vn 0.00125 -0 -1
vn 0 -0 -1
vn 0.99981 -0 -0.01953
vn 0.99276 -0 -0.12016
vn 0.96075 0 -0.27741
vn 0.90553 0 -0.42429
vn 0.828 0 -0.56072
vn 0.73009 0 -0.68335
vn 0.34028 0 -0.94032
vn 0.34029 0 -0.94032
vn 0.189 0 -0.98198
vn 0.04934 0 -0.99878
vn 0.00127 0 -1
vn 0 0 -1
vn 0.99976 -0 -0.02186
vn 0.99205 -0 -0.12586
vn 0.99205 -0 -0.12586
vn 0.96076 -0 -0.27739
vn 0.96076 -0 -0.27739
vn 0.90553 -0 -0.42429
vn 0.828 -0 -0.56072
vn 0.73009 -0 -0.68335
vn 0.61421 -0 -0.78914
vn 0.19102 0 -0.98159
vn 0.05546 0 -0.99846
vn 0.00135 0 -1
vn 0.99205 0 -0.12586
vn 0.19101 -0 -0.98159
vn 0.99981 -0 -0.01953
vn 0.99275 -0 -0.12017
vn 0.828 0 -0.56072
vn 0.189 0 -0.98198
vn 0.04936 0 -0.99878
vn 0.00127 0 -1
vn 0 -1 0
vn -0.34028 0 0.94032
vn 1 0 0
vn 0 0 -1
vn 0.61421 0 -0.78915
vn 0 1 0
vn 0 1 0
vn -0 -1 -0
vn -0 -1 0
vn 0 1 -0
vn -0 -1 0
vn 1 -0 0
vn 0.03434 -0.99941 0
vn 0.03434 0 0.99941
vn 0.03433 -0.99941 -0.00071
vn 0.03398 -0.99941 -0.00423
vn 0.0329 -0.99941 -0.0095
vn 0.031 -0.99941 -0.01453
vn 0.02835 -0.99941 -0.0192
vn 0.025 -0.99941 -0.0234
vn 0.02103 -0.99941 -0.02702
vn 0.01654 -0.99941 -0.02998
vn 0.01165 -0.99941 -0.0322
vn 0.00651 -0.99941 -0.03361
vn 0.00181 -0.99941 -0.03425
vn 4E-05 -0.99941 -0.03434
vn -0 -0.99941 -0.03434
vn -0.99941 0 -0.03434
vn 0.03434 0.99941 0
vn 0.03433 0.99941 -0.00071
vn 0.03398 0.99941 -0.00423
vn 0.0329 0.99941 -0.0095
vn 0.031 0.99941 -0.01453
vn 0.02835 0.99941 -0.0192
vn 0.025 0.99941 -0.0234
vn 0.02103 0.99941 -0.02702
vn 0.01654 0.99941 -0.02998
vn 0.01165 0.99941 -0.0322
vn 0.00651 0.99941 -0.03361
vn 0.00181 0.99941 -0.03425
vn 4E-05 0.99941 -0.03434
vn -0 0.99941 -0.03434
vn -0.06315 0 0.998
vn 0 0 1
vn -0.9996 0 0.02828
vn -0.99174 0 0.12829
vn -0.96076 0 0.2774
vn -0.1889 0 0.982
vn -0.06298 0 0.99802
vn -0.00218 0 1
vn -1 0 0
vn -0.99171 0 0.12848
vn -0.96075 0 0.27741
vn -0.90553 0 0.42429
vn -0.828 0 0.56072
vn -0.73009 0 0.68335
vn -0.73009 0 0.68335
vn -0.6142 0 0.78915
vn -0.48319 0 0.87551
vn -0.4832 0 0.87551
vn 2E-05 0 1
vn -1 0 0
vn 0 -1 -0
vn 0 1 0
vn 0.99976 0 -0.02186
vn 0.96076 0 -0.27739
vn 0.828 0 -0.56072
vn -0 0 1
vn -0.00128 1 0
vn -0.30902 0.95106 0
vn -0.58778 0.80902 0
vn -0.80902 0.58779 0
vn -0.95106 0.30902 0
vn -0.95106 0.30902 0
vn -0.99963 0.02704 0
vn -0.99923 0.02699 0.02836
vn -0.99135 0.02694 0.12843
vn -0.9604 0.02694 0.27731
vn -0.9052 0.02694 0.42414
vn -0.8277 0.02694 0.56052
vn -0.72983 0.02694 0.6831
vn -0.61398 0.02694 0.78886
vn -0.48302 0.02694 0.8752
vn -0.34016 0.02694 0.93998
vn -0.18893 0.02694 0.98162
vn -0.06313 0.02696 0.99764
vn -0.00218 0.02704 0.99963
vn 0 0.02704 0.99963
vn -0.00128 1 0
vn -0.00148 1 4E-05
vn -0.00176 1 0.00023
vn -0.00176 1 0.00051
vn -0.00165 1 0.00078
vn -0.00151 1 0.00102
vn -0.00133 1 0.00125
vn -0.00112 1 0.00144
vn -0.00088 1 0.0016
vn -0.00062 1 0.00172
vn -0.00034 1 0.00179
vn -0.0001 1 0.00161
vn -0 1 0.00133
vn 0 1 0.00128
vn 1E-05 1 0
vn 1E-05 1 0.00128
vn 0 0.02704 0.99963
vn 1E-05 1 0
vn 1E-05 1 0.00128
vn 1 -0 0
vn -0.30902 0.95106 0
vn -0.95106 0.30902 0
vn -0.95106 0.30901 0
vn -0.80903 0.58777 0
vn -0.5878 0.809 0
vn -0.30904 0.95105 0
vn -0.9509 0.30832 0.02699
vn -0.80953 0.58663 0.02297
vn -0.58919 0.80782 0.01671
vn -0.31124 0.95029 0.00882
vn -0.94366 0.30751 0.12225
vn -0.8042 0.58516 0.10417
vn -0.58688 0.8061 0.076
vn -0.31263 0.94901 0.04048
vn -0.91421 0.30747 0.26397
vn -0.77914 0.58508 0.22497
vn -0.56868 0.806 0.1642
vn -0.3031 0.94893 0.08752
vn -0.86166 0.30747 0.40374
vn -0.73436 0.58508 0.34409
vn -0.536 0.806 0.25115
vn -0.28568 0.94893 0.13386
vn -0.78789 0.30747 0.53356
vn -0.67149 0.58508 0.45473
vn -0.49011 0.806 0.3319
vn -0.26122 0.94893 0.1769
vn -0.69473 0.30747 0.65024
vn -0.59209 0.58508 0.55418
vn -0.43216 0.806 0.40449
vn -0.23033 0.94893 0.21559
vn -0.58445 0.30747 0.75092
vn -0.4981 0.58508 0.63998
vn -0.36356 0.806 0.46711
vn -0.19377 0.94893 0.24896
vn -0.45979 0.30747 0.8331
vn -0.39186 0.58508 0.71002
vn -0.28601 0.806 0.51823
vn -0.15244 0.94893 0.27621
vn -0.3238 0.30747 0.89477
vn -0.27596 0.58508 0.76258
vn -0.20142 0.806 0.55659
vn -0.10736 0.94893 0.29666
vn -0.17984 0.30748 0.93441
vn -0.15326 0.58509 0.79635
vn -0.11185 0.80601 0.58124
vn -0.05961 0.94894 0.30978
vn -0.06008 0.30778 0.94956
vn -0.05117 0.58568 0.80892
vn -0.03729 0.80677 0.58969
vn -0.01978 0.94955 0.313
vn -0.00208 0.30893 0.95108
vn -0.00177 0.58765 0.80911
vn -0.00128 0.80888 0.58797
vn -0.00068 0.95097 0.30927
vn 0 0.30902 0.95106
vn 0 0.58778 0.80902
vn -0 0.80902 0.58778
vn -0 0.95106 0.30902
vn 0 0.30902 0.95106
vn 0 0.58778 0.80902
vn 0 0.58778 0.80902
vn 0 0.95106 0.30902
vn 0 0.80902 0.58778
vn 0 0.95106 0.30902
vn 0 0.30902 0.95106
vn 0 0.58778 0.80902
vn 0 0.80902 0.58778
vn 1E-05 0.95106 0.30902
vn 0 0.30902 0.95106
vn 0 0.58778 0.80902
vn 0 0.80902 0.58778
vt 0.39346 0.10516
vt 0.39346 0.04703
vt 0.40359 0.04703
vt 0.40359 0.10516
vt 0.41524 0.04703
vt 0.41524 0.10516
vt 0.42854 0.04703
vt 0.42854 0.10516
vt 0.44343 0.04703
vt 0.44343 0.10516
vt 0.45971 0.04703
vt 0.45971 0.10516
vt 0.4809 0.04703
vt 0.4809 0.10516
vt 0.50386 0.04703
vt 0.50386 0.10516
vt 0.52741 0.04703
vt 0.52741 0.10516
vt 0.55136 0.04703
vt 0.55136 0.10516
vt 0.57548 0.04703
vt 0.57548 0.10516
vt 0.59952 0.04703
vt 0.59952 0.10516
vt 0.62324 0.04703
vt 0.62324 0.10516
vt 0.64644 0.04703
vt 0.64644 0.10516
vt 0.66895 0.04703
vt 0.66895 0.10516
vt 0.6907 0.04703
vt 0.6907 0.10516
vt 0.7078 0.04703
vt 0.7078 0.10516
vt 0.72267 0.04703
vt 0.72267 0.10516
vt 0.73607 0.04703
vt 0.73607 0.10516
vt 0.74793 0.04703
vt 0.74793 0.10516
vt 0.7583 0.04703
vt 0.7583 0.10516
vt 0.39346 0.1633
vt 0.40359 0.1633
vt 0.41524 0.1633
vt 0.42854 0.1633
vt 0.44343 0.1633
vt 0.45971 0.1633
vt 0.4809 0.1633
vt 0.50386 0.1633
vt 0.52741 0.1633
vt 0.55136 0.1633
vt 0.57548 0.1633
vt 0.59952 0.1633
vt 0.62324 0.1633
vt 0.64644 0.1633
vt 0.66895 0.1633
vt 0.6907 0.1633
vt 0.7078 0.1633
vt 0.72267 0.1633
vt 0.73607 0.1633
vt 0.74793 0.1633
vt 0.7583 0.1633
vt 0.39346 0.22143
vt 0.40359 0.22143
vt 0.41524 0.22143
vt 0.42854 0.22143
vt 0.44343 0.22143
vt 0.45971 0.22143
vt 0.4809 0.22143
vt 0.50386 0.22143
vt 0.52741 0.22143
vt 0.55136 0.22143
vt 0.57548 0.22143
vt 0.59952 0.22143
vt 0.62324 0.22143
vt 0.64644 0.22143
vt 0.66895 0.22143
vt 0.6907 0.22143
vt 0.7078 0.22143
vt 0.72267 0.22143
vt 0.73607 0.22143
vt 0.74793 0.22143
vt 0.7583 0.22143
vt 0.99046 0.00197
vt 0.99776 0.00196
vt 0.99779 0.03216
vt 0.99049 0.03217
vt 0.99782 0.06236
vt 0.99053 0.06237
vt 0.99786 0.09256
vt 0.99056 0.09257
vt 0.9979 0.12276
vt 0.9906 0.12277
vt 0.99793 0.15261
vt 0.99063 0.15262
vt 0.99795 0.17416
vt 0.99066 0.17417
vt 0.99798 0.19261
vt 0.99068 0.19262
vt 0.998 0.21024
vt 0.9907 0.21025
vt 0.99801 0.22661
vt 0.99072 0.22662
vt 0.99803 0.24133
vt 0.99073 0.24134
vt 0.99805 0.25403
vt 0.99075 0.25404
vt 0.99805 0.2644
vt 0.99075 0.2644
vt 0.99803 0.28156
vt 0.99073 0.28155
vt 0.99801 0.29972
vt 0.99071 0.29971
vt 0.99799 0.3188
vt 0.99069 0.3188
vt 0.99796 0.34626
vt 0.99066 0.34626
vt 0.99792 0.37644
vt 0.99063 0.37643
vt 0.99789 0.40664
vt 0.99059 0.40663
vt 0.99786 0.43684
vt 0.99056 0.43683
vt 0.99783 0.46704
vt 0.99053 0.46703
vt 0.20825 0.06934
vt 0.22342 0.06934
vt 0.22342 0.09945
vt 0.20825 0.09945
vt 0.22342 0.12957
vt 0.20825 0.12957
vt 0.22342 0.15968
vt 0.20825 0.15968
vt 0.22342 0.1898
vt 0.20825 0.1898
vt 0.22342 0.21991
vt 0.20825 0.21991
vt 0.22342 0.24298
vt 0.20825 0.24298
vt 0.22342 0.26377
vt 0.20825 0.26377
vt 0.22342 0.28364
vt 0.20825 0.28364
vt 0.22342 0.30209
vt 0.20825 0.30209
vt 0.22342 0.31868
vt 0.20825 0.31868
vt 0.22342 0.33299
vt 0.20825 0.33299
vt 0.16363 0.12422
vt 0.17869 0.12422
vt 0.17869 0.13583
vt 0.16363 0.13583
vt 0.17869 0.15503
vt 0.16362 0.15503
vt 0.17869 0.17536
vt 0.16362 0.17536
vt 0.17869 0.19631
vt 0.16362 0.19631
vt 0.17869 0.22437
vt 0.16362 0.22437
vt 0.17869 0.25428
vt 0.16362 0.25428
vt 0.17869 0.2842
vt 0.16362 0.2842
vt 0.17869 0.31411
vt 0.16362 0.31411
vt 0.17869 0.34403
vt 0.16362 0.34403
vt 0.31074 0.01752
vt 0.32869 0.01752
vt 0.32869 0.05634
vt 0.31074 0.05634
vt 0.32869 0.09835
vt 0.31074 0.09835
vt 0.32869 0.14037
vt 0.31074 0.14037
vt 0.32869 0.18239
vt 0.31074 0.18239
vt 0.32869 0.22651
vt 0.31074 0.22651
vt 0.32869 0.26815
vt 0.31074 0.26815
vt 0.32869 0.31158
vt 0.31074 0.31158
vt 0.32869 0.35304
vt 0.31074 0.35304
vt 0.32869 0.39156
vt 0.31074 0.39156
vt 0.32869 0.42619
vt 0.31074 0.42619
vt 0.32869 0.45606
vt 0.31074 0.45606
vt 0.02418 0.00196
vt 0.04112 0.00196
vt 0.04112 0.02497
vt 0.02418 0.02497
vt 0.9479 0.76941
vt 0.93523 0.76941
vt 0.93523 0.74093
vt 0.9479 0.74093
vt 0.93523 0.71078
vt 0.9479 0.71078
vt 0.93523 0.68129
vt 0.9479 0.68129
vt 0.93523 0.64979
vt 0.9479 0.64979
vt 0.93523 0.62005
vt 0.9479 0.62005
vt 0.93523 0.59039
vt 0.9479 0.59039
vt 0.93523 0.56073
vt 0.9479 0.56073
vt 0.93523 0.53334
vt 0.9479 0.53334
vt 0.28958 0.01752
vt 0.28958 0.05634
vt 0.28958 0.09835
vt 0.28958 0.14037
vt 0.28958 0.18239
vt 0.28958 0.22651
vt 0.28958 0.26815
vt 0.28958 0.31158
vt 0.28958 0.35304
vt 0.28958 0.39156
vt 0.28958 0.42619
vt 0.28958 0.45606
vt 0.00422 0.00196
vt 0.00422 0.02497
vt 0.96284 0.76941
vt 0.96284 0.74093
vt 0.96284 0.71078
vt 0.96284 0.68129
vt 0.96284 0.64979
vt 0.96284 0.62005
vt 0.96284 0.59039
vt 0.96284 0.56073
vt 0.96284 0.53334
vt 0.26843 0.01752
vt 0.26843 0.05634
vt 0.66406 0.43042
vt 0.66876 0.43817
vt 0.64997 0.44957
vt 0.64526 0.44182
vt 0.63003 0.46166
vt 0.62532 0.45391
vt 0.61009 0.47375
vt 0.60538 0.466
vt 0.59015 0.48584
vt 0.58544 0.47809
vt 0.57486 0.49511
vt 0.57016 0.48735
vt 0.56109 0.50347
vt 0.55638 0.49571
vt 0.54792 0.51145
vt 0.54322 0.50369
vt 0.53569 0.51886
vt 0.53099 0.5111
vt 0.5247 0.52553
vt 0.52 0.51777
vt 0.51522 0.53128
vt 0.51052 0.52352
vt 0.50748 0.53597
vt 0.50278 0.52821
vt 0.49467 0.54374
vt 0.48997 0.53598
vt 0.48111 0.55196
vt 0.47641 0.5442
vt 0.46714 0.56043
vt 0.46243 0.55268
vt 0.44843 0.57178
vt 0.44372 0.56402
vt 0.42849 0.58387
vt 0.42378 0.57611
vt 0.40855 0.59596
vt 0.40384 0.5882
vt 0.38975 0.60736
vt 0.38505 0.5996
vt 0.97777 0.56073
vt 0.97777 0.53334
vt 0.25048 0.01752
vt 0.25048 0.05634
vt 0.26843 0.09835
vt 0.25048 0.09835
vt 0.26843 0.14037
vt 0.25048 0.14037
vt 0.26843 0.18239
vt 0.25048 0.18239
vt 0.26843 0.22651
vt 0.25048 0.22651
vt 0.26843 0.26815
vt 0.25048 0.26815
vt 0.26843 0.31158
vt 0.25048 0.31158
vt 0.26843 0.35304
vt 0.25048 0.35304
vt 0.26843 0.39156
vt 0.25048 0.39156
vt 0.26843 0.42619
vt 0.25048 0.42619
vt 0.26843 0.45606
vt 0.25048 0.45606
vt 0.25048 0.45604
vt 0.26841 0.48044
vt 0.25046 0.48043
vt 0.99044 0.76941
vt 0.97777 0.76941
vt 0.97777 0.74093
vt 0.99044 0.74093
vt 0.97777 0.71078
vt 0.99044 0.71078
vt 0.97777 0.68129
vt 0.99044 0.68129
vt 0.97777 0.64979
vt 0.99044 0.64979
vt 0.97777 0.62005
vt 0.99044 0.62005
vt 0.97777 0.59039
vt 0.99044 0.59039
vt 0.99044 0.56073
vt 0.99044 0.53334
vt 0.81176 0.02271
vt 0.92025 0.04257
vt 0.91495 0.0715
vt 0.80647 0.05164
vt 0.90966 0.10043
vt 0.80117 0.08057
vt 0.90436 0.12936
vt 0.79588 0.1095
vt 0.89907 0.15829
vt 0.79058 0.13843
vt 0.89378 0.18722
vt 0.78529 0.16736
vt 0.89072 0.20956
vt 0.78061 0.20328
vt 0.89116 0.23029
vt 0.78143 0.24131
vt 0.89485 0.25068
vt 0.78818 0.27874
vt 0.90168 0.27026
vt 0.80071 0.31465
vt 0.91148 0.28852
vt 0.81871 0.34816
vt 0.92402 0.30502
vt 0.84172 0.37844
vt 0.45479 0.83598
vt 0.51238 0.74192
vt 0.53085 0.75132
vt 0.48868 0.85324
vt 0.55056 0.75772
vt 0.52486 0.86497
vt 0.57104 0.76096
vt 0.56243 0.87091
vt 0.59177 0.76095
vt 0.60046 0.8709
vt 0.61919 0.75794
vt 0.63151 0.86754
vt 0.64842 0.75465
vt 0.66074 0.86425
vt 0.67764 0.75136
vt 0.68997 0.86096
vt 0.70687 0.74808
vt 0.71919 0.85768
vt 0.7361 0.74479
vt 0.74842 0.85439
vt 0.16223 0.48683
vt 0.14742 0.48683
vt 0.14742 0.37654
vt 0.16223 0.37654
vt 0.17704 0.48683
vt 0.17704 0.37654
vt 0.19185 0.48683
vt 0.19185 0.37654
vt 0.19925 0.48683
vt 0.20666 0.37654
vt 0.20666 0.47943
vt 0.34434 0.10516
vt 0.34434 0.04703
vt 0.38704 0.04703
vt 0.38704 0.10516
vt 0.34434 0.1633
vt 0.38704 0.1633
vt 0.34434 0.22143
vt 0.38704 0.22143
vt 0.34434 0.27956
vt 0.38704 0.2505
vt 0.3848 0.27956
vt 0.34434 0.33769
vt 0.38704 0.30862
vt 0.38704 0.33769
vt 0.39346 0.36792
vt 0.39346 0.33769
vt 0.40359 0.33769
vt 0.40359 0.36792
vt 0.41524 0.33769
vt 0.41524 0.36792
vt 0.42854 0.33769
vt 0.42854 0.36792
vt 0.44343 0.33769
vt 0.44343 0.36792
vt 0.45971 0.33769
vt 0.45971 0.36792
vt 0.4809 0.33769
vt 0.4809 0.36792
vt 0.50386 0.33769
vt 0.50386 0.36792
vt 0.52741 0.33769
vt 0.52741 0.36792
vt 0.55136 0.33769
vt 0.55136 0.36792
vt 0.57548 0.33769
vt 0.57548 0.36792
vt 0.59952 0.33769
vt 0.59952 0.36792
vt 0.62324 0.33769
vt 0.62324 0.36792
vt 0.64644 0.33769
vt 0.64644 0.36792
vt 0.66895 0.33769
vt 0.66895 0.36792
vt 0.6907 0.33769
vt 0.6907 0.36792
vt 0.7078 0.33769
vt 0.7078 0.36792
vt 0.72267 0.33769
vt 0.72267 0.36792
vt 0.73607 0.33769
vt 0.73607 0.36792
vt 0.74793 0.33769
vt 0.74793 0.36792
vt 0.7583 0.33769
vt 0.7583 0.36792
vt 0.22917 0.48683
vt 0.22147 0.48683
vt 0.22147 0.37654
vt 0.22917 0.37654
vt 0.18652 0.31412
vt 0.18652 0.34403
vt 0.18652 0.2842
vt 0.18652 0.25428
vt 0.18652 0.22437
vt 0.18652 0.19631
vt 0.18652 0.17536
vt 0.18652 0.15503
vt 0.18652 0.13583
vt 0.18652 0.12422
vt 0.2313 0.31868
vt 0.2313 0.33299
vt 0.2313 0.30209
vt 0.2313 0.28364
vt 0.2313 0.26377
vt 0.2313 0.24298
vt 0.2313 0.21991
vt 0.2313 0.1898
vt 0.2313 0.15968
vt 0.2313 0.12957
vt 0.2313 0.09945
vt 0.2313 0.06934
vt 0.34434 0.36792
vt 0.38704 0.36792
vt 0.49794 0.70525
vt 0.49521 0.69034
vt 0.52415 0.68505
vt 0.52688 0.69996
vt 0.63035 0.91446
vt 0.63309 0.89956
vt 0.66202 0.90487
vt 0.65928 0.91978
vt 0.10846 0.00196
vt 0.10846 0.01711
vt 0.10136 0.01711
vt 0.10136 0.00196
vt 0.5531 0.67976
vt 0.55582 0.69467
vt 0.60143 0.90914
vt 0.60417 0.89424
vt 0.58205 0.67446
vt 0.58477 0.68938
vt 0.5725 0.90383
vt 0.57524 0.88892
vt 0.611 0.66917
vt 0.61372 0.68408
vt 0.54357 0.89851
vt 0.54631 0.88361
vt 0.63995 0.66387
vt 0.64234 0.67884
vt 0.51498 0.89326
vt 0.51739 0.87829
vt 0.66231 0.6608
vt 0.66319 0.67598
vt 0.49416 0.89039
vt 0.49504 0.87521
vt 0.68305 0.66122
vt 0.68155 0.67636
vt 0.47583 0.89077
vt 0.47432 0.87564
vt 0.70347 0.66487
vt 0.69964 0.67959
vt 0.45778 0.89402
vt 0.45392 0.87931
vt 0.72308 0.67166
vt 0.71699 0.6856
vt 0.44045 0.90004
vt 0.43434 0.88612
vt 0.74138 0.68142
vt 0.7332 0.69423
vt 0.42429 0.90871
vt 0.41608 0.89592
vt 0.75794 0.6939
vt 0.74785 0.70527
vt 0.40967 0.9198
vt 0.39956 0.90845
vt 0.77233 0.70882
vt 0.76059 0.71847
vt 0.07521 0.13634
vt 0.06115 0.13058
vt 0.07049 0.11208
vt 0.08348 0.11997
vt 0.7842 0.72582
vt 0.77109 0.73352
vt 0.06961 0.15381
vt 0.05482 0.15032
vt 0.79326 0.74447
vt 0.7791 0.75002
vt 0.06681 0.17194
vt 0.05165 0.1708
vt 0.79929 0.7643
vt 0.78455 0.76792
vt 0.06688 0.19065
vt 0.05173 0.19153
vt 0.8044 0.79142
vt 0.7895 0.79421
vt 0.0699 0.21722
vt 0.05484 0.21894
vt 0.80976 0.82034
vt 0.79486 0.82311
vt 0.07328 0.24641
vt 0.05823 0.24816
vt 0.81513 0.84927
vt 0.80023 0.85203
vt 0.07667 0.27563
vt 0.06161 0.27737
vt 0.8205 0.87819
vt 0.8056 0.88095
vt 0.08006 0.30484
vt 0.065 0.30659
vt 0.82587 0.90711
vt 0.81097 0.90988
vt 0.08638 0.00196
vt 0.08638 0.01711
vt 0.07927 0.01711
vt 0.07927 0.00196
vt 0.08344 0.33406
vt 0.06839 0.3358
vt 0.26604 0.52666
vt 0.26604 0.68324
vt 0.2534 0.68324
vt 0.2534 0.52666
vt 0.5158 0.47009
vt 0.5158 0.40474
vt 0.53061 0.40474
vt 0.52836 0.47009
vt 0.24027 0.68324
vt 0.24027 0.52666
vt 0.22714 0.68324
vt 0.22714 0.52666
vt 0.214 0.68324
vt 0.214 0.52666
vt 0.20054 0.68324
vt 0.20054 0.52666
vt 0.189 0.68324
vt 0.189 0.52666
vt 0.17768 0.68324
vt 0.17768 0.52666
vt 0.16687 0.68324
vt 0.16687 0.52666
vt 0.15683 0.68324
vt 0.15683 0.52666
vt 0.1478 0.68324
vt 0.1478 0.52666
vt 0.14001 0.68324
vt 0.14001 0.52666
vt 0.97532 0.00196
vt 0.97532 0.40749
vt 0.95885 0.40749
vt 0.95885 0.00196
vt 0.94649 0.40749
vt 0.94649 0.00196
vt 0.93855 0.40749
vt 0.93855 0.00196
vt 0.93532 0.40749
vt 0.93532 0.00196
vt 0.93523 0.40749
vt 0.93523 0.00196
vt 0.45656 0.40474
vt 0.4588 0.47011
vt 0.44399 0.47011
vt 0.44399 0.40474
vt 0.50098 0.47009
vt 0.50098 0.40474
vt 0.42918 0.47011
vt 0.42918 0.40474
vt 0.48617 0.47009
vt 0.48617 0.40474
vt 0.41437 0.47011
vt 0.41438 0.40474
vt 0.1238 0.40429
vt 0.05718 0.40429
vt 0.05718 0.37654
vt 0.1238 0.37654
vt 0.4736 0.47009
vt 0.47135 0.40474
vt 0.1238 0.4331
vt 0.05718 0.4331
vt 0.1238 0.46194
vt 0.05718 0.46194
vt 0.1238 0.49091
vt 0.05718 0.49091
vt 0.1238 0.52085
vt 0.05718 0.52085
vt 0.1238 0.54641
vt 0.05718 0.54641
vt 0.1238 0.57164
vt 0.05718 0.57164
vt 0.1238 0.59682
vt 0.05718 0.59682
vt 0.1238 0.62204
vt 0.05718 0.62204
vt 0.1238 0.64734
vt 0.05718 0.64734
vt 0.1238 0.67273
vt 0.05718 0.67273
vt 0.06715 0.76779
vt 0.00195 0.76779
vt 0.00195 0.74285
vt 0.06715 0.74285
vt 0.06715 0.79283
vt 0.00195 0.79283
vt 0.06715 0.818
vt 0.00195 0.818
vt 0.06715 0.84271
vt 0.00195 0.84271
vt 0.06715 0.87237
vt 0.00195 0.87237
vt 0.06715 0.90254
vt 0.00195 0.90254
vt 0.06715 0.93278
vt 0.00195 0.93278
vt 0.06715 0.96306
vt 0.00195 0.96306
vt 0.39956 0.4701
vt 0.40181 0.40474
vt 0.06715 0.99218
vt 0.00195 0.99218
vt 0.14001 0.06934
vt 0.1476 0.06934
vt 0.1476 0.09945
vt 0.14001 0.09945
vt 0.40359 0.01795
vt 0.39346 0.01795
vt 0.38704 0.01795
vt 0.34434 0.01795
vt 0.1476 0.12957
vt 0.14001 0.12957
vt 0.41524 0.01795
vt 0.1476 0.15968
vt 0.14001 0.15968
vt 0.42854 0.01795
vt 0.1476 0.1898
vt 0.14001 0.1898
vt 0.44343 0.01795
vt 0.1476 0.21991
vt 0.14001 0.21991
vt 0.45971 0.01795
vt 0.1476 0.24298
vt 0.14001 0.24298
vt 0.4809 0.01795
vt 0.1476 0.26377
vt 0.14001 0.26377
vt 0.50386 0.01795
vt 0.1476 0.28364
vt 0.14001 0.28364
vt 0.52741 0.01795
vt 0.1476 0.30209
vt 0.14001 0.30209
vt 0.55136 0.01795
vt 0.1476 0.31868
vt 0.14001 0.31868
vt 0.57548 0.01795
vt 0.1476 0.33299
vt 0.14001 0.33299
vt 0.59952 0.01795
vt 0.05718 0.00196
vt 0.06716 0.00196
vt 0.06716 0.01734
vt 0.05718 0.01734
vt 0.62324 0.01795
vt 0.09584 0.13582
vt 0.10337 0.13583
vt 0.10337 0.15503
vt 0.09584 0.15503
vt 0.64644 0.01795
vt 0.10337 0.17535
vt 0.09584 0.17535
vt 0.66895 0.01795
vt 0.10337 0.19631
vt 0.09584 0.19631
vt 0.6907 0.01795
vt 0.10337 0.22437
vt 0.09584 0.22437
vt 0.7078 0.01795
vt 0.10337 0.25428
vt 0.09584 0.25428
vt 0.72267 0.01795
vt 0.10337 0.2842
vt 0.09584 0.2842
vt 0.73607 0.01795
vt 0.10337 0.31411
vt 0.09583 0.31411
vt 0.74793 0.01795
vt 0.10337 0.34403
vt 0.09583 0.34403
vt 0.14001 0.37654
vt 0.14001 0.48683
vt 0.7583 0.01795
vt 0.10337 0.3575
vt 0.10337 0.35721
vt 0.11843 0.35721
vt 0.11843 0.3575
vt 0.76253 0.10516
vt 0.76244 0.10516
vt 0.76244 0.04703
vt 0.76253 0.04703
vt 0.1335 0.35721
vt 0.1335 0.3575
vt 0.76253 0.1633
vt 0.76244 0.1633
vt 0.14856 0.35721
vt 0.14856 0.3575
vt 0.76253 0.22143
vt 0.76244 0.22143
vt 0.16362 0.35721
vt 0.16362 0.3575
vt 0.17869 0.35721
vt 0.17869 0.3575
vt 0.18652 0.3575
vt 0.18652 0.35721
vt 0.19375 0.35721
vt 0.19375 0.3575
vt 0.76253 0.36792
vt 0.76244 0.36792
vt 0.76244 0.33769
vt 0.76253 0.33769
vt 0.76244 0.01795
vt 0.76253 0.01795
vt 0.76158 0.85291
vt 0.7613 0.85294
vt 0.74897 0.74334
vt 0.74926 0.74331
vt 0.09583 0.3575
vt 0.09583 0.35721
vt 0.38935 0.04703
vt 0.38935 0.10516
vt 0.16276 0.05578
vt 0.16276 0.06934
vt 0.1476 0.05578
vt 0.38935 0.1633
vt 0.17792 0.05578
vt 0.17792 0.06934
vt 0.38935 0.22143
vt 0.19309 0.05578
vt 0.19309 0.06934
vt 0.20825 0.05578
vt 0.22342 0.05578
vt 0.23858 0.05578
vt 0.23858 0.06934
vt 0.2313 0.05578
vt 0.38935 0.33769
vt 0.38935 0.36792
vt 0.14001 0.05578
vt 0.92263 0.02954
vt 0.81415 0.00968
vt 0.38935 0.01795
vt 0.21406 0.48683
vt 0.38935 0.2505
vt 0.39346 0.2505
vt 0.39346 0.30862
vt 0.38935 0.30862
vt 0.40359 0.30862
vt 0.40359 0.2505
vt 0.41524 0.30862
vt 0.41524 0.2505
vt 0.42854 0.30862
vt 0.42854 0.2505
vt 0.44343 0.30862
vt 0.44343 0.2505
vt 0.45971 0.30862
vt 0.45971 0.2505
vt 0.4809 0.30862
vt 0.4809 0.2505
vt 0.50386 0.30862
vt 0.50386 0.2505
vt 0.52741 0.30862
vt 0.52741 0.2505
vt 0.55136 0.30862
vt 0.55136 0.2505
vt 0.57548 0.30862
vt 0.57548 0.2505
vt 0.59952 0.30862
vt 0.59952 0.2505
vt 0.62324 0.30862
vt 0.62324 0.2505
vt 0.64644 0.30862
vt 0.64644 0.2505
vt 0.66895 0.30862
vt 0.66895 0.2505
vt 0.6907 0.30862
vt 0.6907 0.2505
vt 0.7078 0.30862
vt 0.7078 0.2505
vt 0.72267 0.30862
vt 0.72267 0.2505
vt 0.73607 0.30862
vt 0.73607 0.2505
vt 0.74793 0.30862
vt 0.74793 0.2505
vt 0.7583 0.30862
vt 0.7583 0.2505
vt 0.76253 0.30862
vt 0.76244 0.30862
vt 0.76244 0.2505
vt 0.76253 0.2505
vt 0.76253 0.27956
vt 0.39228 0.24873
vt 0.39228 0.22319
vt 0.40244 0.22319
vt 0.40244 0.24873
vt 0.41417 0.22319
vt 0.41417 0.24873
vt 0.4276 0.22319
vt 0.4276 0.24873
vt 0.4427 0.22319
vt 0.4427 0.24873
vt 0.45919 0.22319
vt 0.45919 0.24873
vt 0.48054 0.22319
vt 0.48054 0.24873
vt 0.50359 0.22319
vt 0.50359 0.24873
vt 0.52723 0.22319
vt 0.52723 0.24873
vt 0.55128 0.22319
vt 0.55128 0.24873
vt 0.57552 0.22319
vt 0.57552 0.24873
vt 0.59967 0.22319
vt 0.59967 0.24873
vt 0.62348 0.22319
vt 0.62348 0.24873
vt 0.64676 0.22319
vt 0.64676 0.24873
vt 0.66934 0.22319
vt 0.66934 0.24873
vt 0.69118 0.22319
vt 0.69118 0.24873
vt 0.70844 0.22319
vt 0.70844 0.24873
vt 0.72353 0.22319
vt 0.72353 0.24873
vt 0.73708 0.22319
vt 0.73708 0.24873
vt 0.74902 0.22319
vt 0.74902 0.24873
vt 0.75944 0.22319
vt 0.75944 0.24873
vt 0.76353 0.24873
vt 0.76344 0.24873
vt 0.76344 0.22319
vt 0.76353 0.22319
vt 0.3883 0.22319
vt 0.3883 0.24873
vt 0.20666 0.48683
vt 0.39346 0.22319
vt 0.40359 0.22319
vt 0.40359 0.24873
vt 0.39346 0.24873
vt 0.41524 0.22319
vt 0.41524 0.24873
vt 0.42854 0.22319
vt 0.42854 0.24873
vt 0.44343 0.22319
vt 0.44343 0.24873
vt 0.45971 0.22319
vt 0.45971 0.24873
vt 0.4809 0.22319
vt 0.4809 0.24873
vt 0.50386 0.22319
vt 0.50386 0.24873
vt 0.52741 0.22319
vt 0.52741 0.24873
vt 0.55136 0.22319
vt 0.55136 0.24873
vt 0.57548 0.22319
vt 0.57548 0.24873
vt 0.59952 0.22319
vt 0.59952 0.24873
vt 0.62324 0.22319
vt 0.62324 0.24873
vt 0.64644 0.22319
vt 0.64644 0.24873
vt 0.66895 0.22319
vt 0.66895 0.24873
vt 0.6907 0.22319
vt 0.6907 0.24873
vt 0.7078 0.22319
vt 0.7078 0.24873
vt 0.72267 0.22319
vt 0.72267 0.24873
vt 0.73607 0.22319
vt 0.73607 0.24873
vt 0.74793 0.22319
vt 0.74793 0.24873
vt 0.7583 0.22319
vt 0.7583 0.24873
vt 0.7623 0.22319
vt 0.76239 0.22319
vt 0.76239 0.24873
vt 0.7623 0.24873
vt 0.38948 0.24873
vt 0.38948 0.22319
vt 0.40028 0.78949
vt 0.40035 0.79342
vt 0.37094 0.79388
vt 0.37088 0.78996
vt 0.37013 0.00664
vt 0.37016 0.00271
vt 0.39957 0.0029
vt 0.39954 0.00683
vt 0.34153 0.79435
vt 0.34147 0.79042
vt 0.34072 0.00645
vt 0.34074 0.00252
vt 0.31212 0.79481
vt 0.31206 0.79088
vt 0.31131 0.00626
vt 0.31133 0.00233
vt 0.28272 0.79528
vt 0.28265 0.79135
vt 0.2819 0.00608
vt 0.28192 0.00215
vt 0.25331 0.79574
vt 0.25335 0.79181
vt 0.25259 0.00589
vt 0.25251 0.00196
vt 0.21711 0.79445
vt 0.21755 0.79054
vt 0.2168 0.0075
vt 0.21633 0.00359
vt 0.17974 0.78739
vt 0.18077 0.78359
vt 0.18009 0.0148
vt 0.17902 0.011
vt 0.14393 0.77457
vt 0.14554 0.77097
vt 0.14499 0.02774
vt 0.14334 0.02416
vt 0.11057 0.7563
vt 0.11272 0.753
vt 0.11234 0.04602
vt 0.11015 0.04274
vt 0.08047 0.73304
vt 0.08312 0.73012
vt 0.08295 0.06918
vt 0.08028 0.06628
vt 0.05438 0.70535
vt 0.05747 0.7029
vt 0.05755 0.09665
vt 0.05445 0.09421
vt 0.0333 0.67368
vt 0.03675 0.67176
vt 0.03681 0.12779
vt 0.03337 0.12587
vt 0.01745 0.63911
vt 0.02115 0.63775
vt 0.0212 0.16179
vt 0.0175 0.16044
vt 0.00719 0.60248
vt 0.01106 0.60172
vt 0.01111 0.19782
vt 0.00724 0.19706
vt 0.0028 0.5647
vt 0.00672 0.56446
vt 0.00676 0.23508
vt 0.00283 0.23484
vt 0.00253 0.53347
vt 0.00646 0.53345
vt 0.00648 0.26609
vt 0.00255 0.26607
vt 0.0024 0.50406
vt 0.00633 0.50404
vt 0.00635 0.2955
vt 0.00242 0.29548
vt 0.00228 0.47465
vt 0.0062 0.47463
vt 0.00621 0.32491
vt 0.00228 0.32489
vt 0.00215 0.44524
vt 0.00608 0.44522
vt 0.00608 0.35432
vt 0.00215 0.3543
vt 0.00202 0.41583
vt 0.00595 0.41581
vt 0.00594 0.38373
vt 0.00201 0.38371
vt 0.0059 0.4033
vt 0.00197 0.40331
vt 0.00197 0.40303
vt 0.0059 0.40302
vt 0.00195 0.39652
vt 0.00588 0.39652
vt 0.00195 0.39623
vt 0.00588 0.39625
vt 0.41236 0.00298
vt 0.41234 0.00691
vt 0.41308 0.78929
vt 0.41314 0.79322
vt 0.28718 0.05874
vt 0.28718 0.09835
vt 0.27083 0.09835
vt 0.27083 0.05874
vt 0.28718 0.14037
vt 0.27083 0.14037
vt 0.28718 0.18239
vt 0.27083 0.18239
vt 0.28718 0.22651
vt 0.27083 0.22651
vt 0.28718 0.26815
vt 0.27083 0.26815
vt 0.28718 0.31158
vt 0.27083 0.31158
vt 0.28718 0.35304
vt 0.27083 0.35304
vt 0.28718 0.39156
vt 0.27083 0.39156
vt 0.28718 0.42619
vt 0.27083 0.42619
vt 0.28718 0.45606
vt 0.27083 0.45606
vt 0.00195 0.00196
vt 0.00195 0.02497
vt 0.27081 0.48044
vt 0.96453 0.76941
vt 0.96453 0.74093
vt 0.97607 0.74093
vt 0.97607 0.76941
vt 0.96453 0.71078
vt 0.97607 0.71078
vt 0.96453 0.68129
vt 0.97607 0.68129
vt 0.96453 0.64979
vt 0.97607 0.64979
vt 0.96453 0.62005
vt 0.97607 0.62005
vt 0.96453 0.59039
vt 0.97607 0.59039
vt 0.96453 0.56243
vt 0.97607 0.56243
vt 0.42476 0.80429
vt 0.43907 0.86792
vt 0.41202 0.87401
vt 0.3977 0.81038
vt 0.88431 0.52184
vt 0.89767 0.458
vt 0.92481 0.46368
vt 0.91145 0.52752
vt 0.93601 0.46602
vt 0.92265 0.52986
vt 0.38333 0.88046
vt 0.36901 0.81683
vt 0.85552 0.51581
vt 0.86888 0.45198
vt 0.35463 0.88692
vt 0.34032 0.82329
vt 0.82674 0.50979
vt 0.8401 0.44595
vt 0.3245 0.8937
vt 0.31162 0.82974
vt 0.79795 0.50376
vt 0.80987 0.43962
vt 0.29578 0.89881
vt 0.28941 0.8337
vt 0.77568 0.50014
vt 0.78107 0.43494
vt 0.26475 0.8994
vt 0.26866 0.83409
vt 0.75493 0.50006
vt 0.75004 0.43482
vt 0.23404 0.89512
vt 0.24812 0.83123
vt 0.73443 0.50323
vt 0.7194 0.43956
vt 0.20437 0.88609
vt 0.22827 0.82519
vt 0.71467 0.50956
vt 0.68987 0.44903
vt 0.17648 0.87253
vt 0.20961 0.81612
vt 0.69615 0.51891
vt 0.66218 0.463
vt 0.15106 0.85478
vt 0.1926 0.80424
vt 0.67932 0.53104
vt 0.63702 0.48114
vt 0.48464 0.72723
vt 0.46474 0.77475
vt 0.44307 0.76357
vt 0.47012 0.71973
vt 0.32215 0.47653
vt 0.32215 0.4602
vt 0.42342 0.74919
vt 0.45694 0.71006
vt 0.3247 0.4927
vt 0.27457 0.5045
vt 0.40624 0.73197
vt 0.44538 0.69846
vt 0.32973 0.50829
vt 0.28196 0.52766
vt 0.39266 0.71334
vt 0.43571 0.68521
vt 0.33704 0.52297
vt 0.29228 0.54827
vt 0.3804 0.6922
vt 0.42474 0.66632
vt 0.34874 0.54143
vt 0.30545 0.56885
vt 0.36877 0.67229
vt 0.41298 0.64622
vt 0.36121 0.5611
vt 0.31774 0.58835
vt 0.35704 0.65252
vt 0.40109 0.62618
vt 0.37354 0.58088
vt 0.32989 0.60786
vt 0.34588 0.63396
vt 0.34122 0.62633
vt 0.11843 0.34403
vt 0.1335 0.34403
vt 0.14856 0.34403
vt 0.19375 0.34403
vt 0.10337 0.3655
vt 0.11843 0.3655
vt 0.76491 0.10516
vt 0.76491 0.04703
vt 0.1335 0.3655
vt 0.76491 0.1633
vt 0.14856 0.3655
vt 0.76491 0.22143
vt 0.16362 0.3655
vt 0.76491 0.2505
vt 0.18652 0.3655
vt 0.19375 0.3655
vt 0.17868 0.3655
vt 0.76491 0.36792
vt 0.76491 0.33769
vt 0.76491 0.01795
vt 0.76939 0.85203
vt 0.75707 0.74243
vt 0.09583 0.3655
vt 0.76491 0.30862
vt 0.76491 0.27956
vt 0.16276 0.04773
vt 0.1476 0.04773
vt 0.17792 0.04773
vt 0.19309 0.04773
vt 0.20825 0.04773
vt 0.22342 0.04773
vt 0.23858 0.04773
vt 0.2313 0.04773
vt 0.14001 0.04773
vt 0.92405 0.02181
vt 0.81556 0.00195
vt 0.50481 0.57932
vt 0.47587 0.58461
vt 0.47571 0.58373
vt 0.50465 0.57844
vt 0.47555 0.58286
vt 0.50449 0.57757
vt 0.40325 0.39369
vt 0.39311 0.39369
vt 0.39329 0.39122
vt 0.40343 0.39122
vt 0.39341 0.38811
vt 0.40354 0.38811
vt 0.39346 0.38466
vt 0.40359 0.38466
vt 0.41524 0.38466
vt 0.42854 0.38466
vt 0.44343 0.38466
vt 0.45971 0.38466
vt 0.4809 0.38466
vt 0.50386 0.38466
vt 0.52741 0.38466
vt 0.55136 0.38466
vt 0.57548 0.38466
vt 0.59952 0.38466
vt 0.62324 0.38466
vt 0.64644 0.38466
vt 0.66895 0.38466
vt 0.6907 0.38466
vt 0.7078 0.38466
vt 0.72267 0.38466
vt 0.73607 0.38466
vt 0.74793 0.38466
vt 0.7583 0.38466
vt 0.53375 0.57403
vt 0.56268 0.56874
vt 0.59161 0.56344
vt 0.62046 0.55816
vt 0.65608 0.55349
vt 0.69364 0.55426
vt 0.73063 0.56087
vt 0.76613 0.57318
vt 0.79928 0.59087
vt 0.82929 0.61352
vt 0.85536 0.6406
vt 0.87687 0.67143
vt 0.8933 0.70524
vt 0.90426 0.74128
vt 0.91006 0.77181
vt 0.91543 0.80073
vt 0.9208 0.82965
vt 0.92616 0.85857
vt 0.93153 0.8875
vt 0.82829 0.92014
vt 0.82824 0.91985
vt 0.9339 0.90024
vt 0.93395 0.90052
vt 0.76253 0.38466
vt 0.76244 0.38466
vt 0.38935 0.38466
vt 0.46284 0.58699
vt 0.48218 0.69272
vt 0.82972 0.92786
vt 0.93539 0.90825
vt 0.76491 0.38466
vt 0.38704 0.38466
vt 0.45511 0.5884
vt 0.47444 0.69413
vt 0.23431 0.48669
vt 0.23343 0.48683
vt 0.23628 0.37654
vt 0.23628 0.48399
vt 0.23614 0.48487
vt 0.23573 0.48566
vt 0.2351 0.48629
vt 0.38645 0.39528
vt 0.38619 0.39582
vt 0.34434 0.39582
vt 0.387 0.38811
vt 0.38688 0.39122
vt 0.38669 0.39369
vt 0.46268 0.58612
vt 0.46252 0.58524
vt 0.38919 0.39122
vt 0.389 0.39369
vt 0.38931 0.38811
vt 0.41521 0.38811
vt 0.4151 0.39122
vt 0.41493 0.39369
vt 0.53359 0.57316
vt 0.53343 0.57228
vt 0.4285 0.38811
vt 0.42841 0.39122
vt 0.42826 0.39369
vt 0.56252 0.56786
vt 0.56236 0.56699
vt 0.44341 0.38811
vt 0.44333 0.39122
vt 0.44322 0.39369
vt 0.59145 0.56257
vt 0.59129 0.56169
vt 0.45969 0.38811
vt 0.45964 0.39122
vt 0.45956 0.39369
vt 0.62032 0.55728
vt 0.62018 0.5564
vt 0.48088 0.38811
vt 0.48085 0.39122
vt 0.48079 0.39369
vt 0.65603 0.5526
vt 0.65598 0.55171
vt 0.50385 0.38811
vt 0.50382 0.39122
vt 0.50378 0.39369
vt 0.69373 0.55337
vt 0.69382 0.55248
vt 0.5274 0.38811
vt 0.52738 0.39122
vt 0.52735 0.39369
vt 0.73085 0.56001
vt 0.73108 0.55915
vt 0.55136 0.38811
vt 0.55135 0.39122
vt 0.55134 0.39369
vt 0.76649 0.57236
vt 0.76684 0.57154
vt 0.57548 0.38811
vt 0.57549 0.39122
vt 0.57549 0.39369
vt 0.79976 0.59011
vt 0.80024 0.58936
vt 0.59953 0.38811
vt 0.59954 0.39122
vt 0.59957 0.39369
vt 0.82987 0.61285
vt 0.83043 0.61222
vt 0.62325 0.38811
vt 0.62328 0.39122
vt 0.62331 0.39369
vt 0.85604 0.64004
vt 0.85665 0.63953
vt 0.64645 0.38811
vt 0.64648 0.39122
vt 0.64653 0.39369
vt 0.87763 0.67098
vt 0.87832 0.67058
vt 0.66896 0.38811
vt 0.669 0.39122
vt 0.66906 0.39369
vt 0.89412 0.70492
vt 0.89486 0.70463
vt 0.69072 0.38811
vt 0.69077 0.39122
vt 0.69084 0.39369
vt 0.90511 0.74107
vt 0.90588 0.74088
vt 0.70782 0.38811
vt 0.70788 0.39122
vt 0.70798 0.39369
vt 0.91092 0.77164
vt 0.9117 0.7715
vt 0.7227 0.38811
vt 0.72279 0.39122
vt 0.72292 0.39369
vt 0.91629 0.80057
vt 0.91707 0.80042
vt 0.73611 0.38811
vt 0.73621 0.39122
vt 0.73637 0.39369
vt 0.92166 0.82949
vt 0.92244 0.82935
vt 0.74797 0.38811
vt 0.74808 0.39122
vt 0.74826 0.39369
vt 0.92703 0.85841
vt 0.92781 0.85827
vt 0.75834 0.38811
vt 0.75846 0.39122
vt 0.75864 0.39369
vt 0.9324 0.88734
vt 0.93318 0.88719
vt 0.76248 0.38811
vt 0.76259 0.39122
vt 0.93554 0.89993
vt 0.9338 0.88708
vt 0.93616 0.89982
vt 0.93476 0.90008
vt 0.76257 0.38811
vt 0.76268 0.39122
vt 0.9356 0.90022
vt 0.93621 0.9001
vt 0.93482 0.90036
vt 0.45495 0.58753
vt 0.45479 0.58665
vt 0.76495 0.38811
vt 0.76506 0.39122
vt 0.93703 0.90794
vt 0.93765 0.90783
vt 0.93625 0.90809
usemtl mat0
f 1/1/1 2/2/1 3/3/1
f 3/3/1 4/4/1 1/1/1
f 4/4/1 3/3/1 5/5/1
f 5/5/1 6/6/1 4/4/1
f 6/6/1 5/5/1 7/7/1
f 7/7/1 8/8/1 6/6/1
f 8/8/1 7/7/1 9/9/1
f 9/9/1 10/10/1 8/8/1
f 10/10/1 9/9/1 11/11/2
f 11/11/2 12/12/2 10/10/1
f 12/12/2 11/11/2 13/13/3
f 13/13/3 14/14/3 12/12/2
f 14/14/3 13/13/3 15/15/4
f 15/15/4 16/16/4 14/14/3
f 16/16/4 15/15/4 17/17/5
f 17/17/5 18/18/5 16/16/4
f 18/18/5 17/17/5 19/19/6
f 19/19/6 20/20/6 18/18/5
f 20/20/6 19/19/6 21/21/7
f 21/21/7 22/22/7 20/20/6
f 22/22/7 21/21/7 23/23/8
f 23/23/8 24/24/8 22/22/7
f 24/24/8 23/23/8 25/25/9
f 25/25/9 26/26/9 24/24/8
f 26/26/9 25/25/9 27/27/10
f 27/27/10 28/28/10 26/26/9
f 28/28/10 27/27/10 29/29/11
f 29/29/11 30/30/11 28/28/10
f 30/30/11 29/29/11 31/31/12
f 31/31/12 32/32/12 30/30/11
f 32/32/12 31/31/12 33/33/13
f 33/33/13 34/34/13 32/32/12
f 34/34/13 33/33/13 35/35/14
f 35/35/14 36/36/14 34/34/13
f 36/36/14 35/35/14 37/37/14
f 37/37/14 38/38/14 36/36/14
f 38/38/14 37/37/14 39/39/14
f 39/39/14 40/40/14 38/38/14
f 40/40/14 39/39/14 41/41/14
f 41/41/14 42/42/14 40/40/14
f 43/43/1 1/1/1 4/4/1
f 4/4/1 44/44/1 43/43/1
f 44/44/1 4/4/1 6/6/1
f 6/6/1 45/45/1 44/44/1
f 45/45/1 6/6/1 8/8/1
f 8/8/1 46/46/1 45/45/1
f 46/46/1 8/8/1 10/10/1
f 10/10/1 47/47/1 46/46/1
f 47/47/1 10/10/1 12/12/2
f 12/12/2 48/48/2 47/47/1
f 48/48/2 12/12/2 14/14/3
f 14/14/3 49/49/3 48/48/2
f 49/49/3 14/14/3 16/16/4
f 16/16/4 50/50/4 49/49/3
f 50/50/4 16/16/4 18/18/5
f 18/18/5 51/51/5 50/50/4
f 51/51/5 18/18/5 20/20/6
f 20/20/6 52/52/6 51/51/5
f 52/52/6 20/20/6 22/22/7
f 22/22/7 53/53/7 52/52/6
f 53/53/7 22/22/7 24/24/8
f 24/24/8 54/54/8 53/53/7
f 54/54/8 24/24/8 26/26/9
f 26/26/9 55/55/9 54/54/8
f 55/55/9 26/26/9 28/28/10
f 28/28/10 56/56/10 55/55/9
f 56/56/10 28/28/10 30/30/11
f 30/30/11 57/57/11 56/56/10
f 57/57/11 30/30/11 32/32/12
f 32/32/12 58/58/12 57/57/11
f 58/58/12 32/32/12 34/34/13
f 34/34/13 59/59/13 58/58/12
f 59/59/13 34/34/13 36/36/14
f 36/36/14 60/60/14 59/59/13
f 60/60/14 36/36/14 38/38/14
f 38/38/14 61/61/14 60/60/14
f 61/61/14 38/38/14 40/40/14
f 40/40/14 62/62/14 61/61/14
f 62/62/14 40/40/14 42/42/14
f 42/42/14 63/63/14 62/62/14
f 64/64/1 43/43/1 44/44/1
f 44/44/1 65/65/1 64/64/1
f 65/65/1 44/44/1 45/45/1
f 45/45/1 66/66/1 65/65/1
f 66/66/1 45/45/1 46/46/1
f 46/46/1 67/67/1 66/66/1
f 67/67/1 46/46/1 47/47/1
f 47/47/1 68/68/1 67/67/1
f 68/68/1 47/47/1 48/48/2
f 48/48/2 69/69/2 68/68/1
f 69/69/2 48/48/2 49/49/3
f 49/49/3 70/70/3 69/69/2
f 70/70/3 49/49/3 50/50/4
f 50/50/4 71/71/4 70/70/3
f 71/71/4 50/50/4 51/51/5
f 51/51/5 72/72/5 71/71/4
f 72/72/5 51/51/5 52/52/6
f 52/52/6 73/73/6 72/72/5
f 73/73/6 52/52/6 53/53/7
f 53/53/7 74/74/7 73/73/6
f 74/74/7 53/53/7 54/54/8
f 54/54/8 75/75/15 74/74/7
f 75/75/15 54/54/8 55/55/9
f 55/55/9 76/76/9 75/75/15
f 76/76/9 55/55/9 56/56/10
f 56/56/10 77/77/10 76/76/9
f 77/77/10 56/56/10 57/57/11
f 57/57/11 78/78/11 77/77/10
f 78/78/11 57/57/11 58/58/12
f 58/58/12 79/79/12 78/78/11
f 79/79/12 58/58/12 59/59/13
f 59/59/13 80/80/13 79/79/12
f 80/80/13 59/59/13 60/60/14
f 60/60/14 81/81/14 80/80/13
f 81/81/14 60/60/14 61/61/14
f 61/61/14 82/82/14 81/81/14
f 82/82/14 61/61/14 62/62/14
f 62/62/14 83/83/14 82/82/14
f 83/83/14 62/62/14 63/63/14
f 63/63/14 84/84/14 83/83/14
f 85/85/16 86/86/16 87/87/16
f 87/87/16 88/88/16 85/85/16
f 88/88/16 87/87/16 89/89/16
f 89/89/16 90/90/16 88/88/16
f 90/90/16 89/89/16 91/91/16
f 91/91/16 92/92/16 90/90/16
f 92/92/16 91/91/16 93/93/16
f 93/93/16 94/94/16 92/92/16
f 94/94/16 93/93/16 95/95/17
f 95/95/17 96/96/17 94/94/16
f 96/96/17 95/95/17 97/97/18
f 97/97/18 98/98/19 96/96/17
f 98/98/19 97/97/18 99/99/20
f 99/99/20 100/100/20 98/98/19
f 100/100/20 99/99/20 101/101/21
f 101/101/21 102/102/21 100/100/20
f 102/102/21 101/101/21 103/103/22
f 103/103/22 104/104/22 102/102/21
f 104/104/22 103/103/22 105/105/23
f 105/105/23 106/106/23 104/104/22
f 106/106/23 105/105/23 107/107/24
f 107/107/24 108/108/24 106/106/23
f 108/108/24 107/107/24 109/109/25
f 109/109/25 110/110/25 108/108/24
f 110/110/25 109/109/25 111/111/26
f 111/111/26 112/112/26 110/110/25
f 112/112/26 111/111/26 113/113/27
f 113/113/27 114/114/27 112/112/26
f 114/114/27 113/113/27 115/115/28
f 115/115/28 116/116/28 114/114/27
f 116/116/28 115/115/28 117/117/29
f 117/117/29 118/118/29 116/116/28
f 118/118/29 117/117/29 119/119/30
f 119/119/30 120/120/30 118/118/29
f 120/120/30 119/119/30 121/121/30
f 121/121/30 122/122/30 120/120/30
f 122/122/30 121/121/30 123/123/30
f 123/123/30 124/124/30 122/122/30
f 124/124/30 123/123/30 125/125/30
f 125/125/30 126/126/30 124/124/30
f 127/127/16 128/128/16 129/129/16
f 129/129/16 130/130/16 127/127/16
f 130/130/16 129/129/16 131/131/16
f 131/131/16 132/132/16 130/130/16
f 132/132/16 131/131/16 133/133/16
f 133/133/16 134/134/16 132/132/16
f 134/134/16 133/133/16 135/135/16
f 135/135/16 136/136/16 134/134/16
f 136/136/16 135/135/16 137/137/31
f 137/137/31 138/138/31 136/136/16
f 138/138/31 137/137/31 139/139/32
f 139/139/32 140/140/32 138/138/31
f 140/140/32 139/139/32 141/141/33
f 141/141/33 142/142/33 140/140/32
f 142/142/33 141/141/33 143/143/34
f 143/143/34 144/144/34 142/142/33
f 144/144/34 143/143/34 145/145/35
f 145/145/35 146/146/35 144/144/34
f 146/146/35 145/145/35 147/147/36
f 147/147/36 148/148/36 146/146/35
f 148/148/36 147/147/36 149/149/24
f 149/149/24 150/150/24 148/148/36
f 151/151/24 152/152/24 153/153/25
f 153/153/25 154/154/25 151/151/24
f 154/154/25 153/153/25 155/155/37
f 155/155/37 156/156/38 154/154/25
f 156/156/38 155/155/37 157/157/39
f 157/157/39 158/158/39 156/156/38
f 158/158/39 157/157/39 159/159/40
f 159/159/40 160/160/40 158/158/39
f 160/160/40 159/159/40 161/161/41
f 161/161/41 162/162/41 160/160/40
f 162/162/41 161/161/41 163/163/42
f 163/163/42 164/164/42 162/162/41
f 164/164/42 163/163/42 165/165/42
f 165/165/42 166/166/42 164/164/42
f 166/166/42 165/165/42 167/167/42
f 167/167/42 168/168/42 166/166/42
f 168/168/42 167/167/42 169/169/42
f 169/169/42 170/170/42 168/168/42
f 171/171/16 172/172/16 173/173/16
f 173/173/16 174/174/16 171/171/16
f 174/174/16 173/173/16 175/175/16
f 175/175/16 176/176/16 174/174/16
f 176/176/16 175/175/16 177/177/16
f 177/177/16 178/178/16 176/176/16
f 178/178/16 177/177/16 179/179/16
f 179/179/16 180/180/16 178/178/16
f 180/180/16 179/179/16 181/181/43
f 181/181/43 182/182/43 180/180/16
f 182/182/43 181/181/43 183/183/44
f 183/183/44 184/184/45 182/182/43
f 184/184/45 183/183/44 185/185/46
f 185/185/46 186/186/47 184/184/45
f 186/186/47 185/185/46 187/187/48
f 187/187/48 188/188/34 186/186/47
f 188/188/34 187/187/48 189/189/49
f 189/189/49 190/190/35 188/188/34
f 190/190/35 189/189/49 191/191/50
f 191/191/50 192/192/36 190/190/35
f 192/192/36 191/191/50 193/193/51
f 193/193/51 194/194/24 192/192/36
f 195/195/24 196/196/51 197/197/25
f 197/197/25 198/198/25 195/195/24
f 199/199/25 200/200/25 201/201/38
f 201/201/38 202/202/38 199/199/25
f 202/202/38 201/201/38 203/203/52
f 203/203/52 204/204/52 202/202/38
f 204/204/52 203/203/52 205/205/53
f 205/205/53 206/206/53 204/204/52
f 206/206/53 205/205/53 207/207/54
f 207/207/54 208/208/54 206/206/53
f 208/208/54 207/207/54 209/209/42
f 209/209/42 210/210/42 208/208/54
f 210/210/42 209/209/42 211/211/42
f 211/211/42 212/212/42 210/210/42
f 212/212/42 211/211/42 213/213/42
f 213/213/42 214/214/42 212/212/42
f 214/214/42 213/213/42 215/215/42
f 215/215/42 216/216/42 214/214/42
f 217/217/16 171/171/16 174/174/16
f 174/174/16 218/218/16 217/217/16
f 218/218/16 174/174/16 176/176/16
f 176/176/16 219/219/16 218/218/16
f 219/219/16 176/176/16 178/178/16
f 178/178/16 220/220/16 219/219/16
f 220/220/16 178/178/16 180/180/16
f 180/180/16 221/221/16 220/220/16
f 221/221/16 180/180/16 182/182/43
f 182/182/43 222/222/43 221/221/16
f 222/222/43 182/182/43 184/184/45
f 184/184/45 223/223/55 222/222/43
f 223/223/55 184/184/45 186/186/47
f 186/186/47 224/224/47 223/223/55
f 224/224/47 186/186/47 188/188/34
f 188/188/34 225/225/34 224/224/47
f 225/225/34 188/188/34 190/190/35
f 190/190/35 226/226/35 225/225/34
f 226/226/35 190/190/35 192/192/36
f 192/192/36 227/227/36 226/226/35
f 227/227/36 192/192/36 194/194/24
f 194/194/24 228/228/24 227/227/36
f 229/229/24 195/195/24 198/198/25
f 198/198/25 230/230/25 229/229/24
f 231/231/25 199/199/25 202/202/38
f 202/202/38 232/232/38 231/231/25
f 232/232/38 202/202/38 204/204/52
f 204/204/52 233/233/56 232/232/38
f 233/233/56 204/204/52 206/206/53
f 206/206/53 234/234/53 233/233/56
f 234/234/53 206/206/53 208/208/54
f 208/208/54 235/235/54 234/234/53
f 235/235/54 208/208/54 210/210/42
f 210/210/42 236/236/42 235/235/54
f 236/236/42 210/210/42 212/212/42
f 212/212/42 237/237/42 236/236/42
f 237/237/42 212/212/42 214/214/42
f 214/214/42 238/238/42 237/237/42
f 238/238/42 214/214/42 216/216/42
f 216/216/42 239/239/42 238/238/42
f 240/240/16 217/217/16 218/218/16
f 218/218/16 241/241/16 240/240/16
f 242/242/16 243/243/16 244/244/16
f 244/244/16 245/245/16 242/242/16
f 245/245/16 244/244/16 246/246/16
f 246/246/16 247/247/16 245/245/16
f 247/247/16 246/246/16 248/248/16
f 248/248/16 249/249/16 247/247/16
f 249/249/16 248/248/16 250/250/57
f 250/250/57 251/251/57 249/249/16
f 251/251/57 250/250/57 252/252/58
f 252/252/58 253/253/58 251/251/57
f 253/253/58 252/252/58 254/254/33
f 254/254/33 255/255/33 253/253/58
f 255/255/33 254/254/33 256/256/34
f 256/256/34 257/257/34 255/255/33
f 257/257/34 256/256/34 258/258/35
f 258/258/35 259/259/59 257/257/34
f 259/259/59 258/258/35 260/260/23
f 260/260/23 261/261/23 259/259/59
f 261/261/23 260/260/23 262/262/51
f 262/262/51 263/263/24 261/261/23
f 263/263/24 262/262/51 264/264/25
f 264/264/25 265/265/25 263/263/24
f 265/265/25 264/264/25 266/266/37
f 266/266/37 267/267/37 265/265/25
f 267/267/37 266/266/37 268/268/60
f 268/268/60 269/269/60 267/267/37
f 269/269/60 268/268/60 270/270/61
f 270/270/61 271/271/61 269/269/60
f 271/271/61 270/270/61 272/272/62
f 272/272/62 273/273/62 271/271/61
f 273/273/62 272/272/62 274/274/42
f 274/274/42 275/275/42 273/273/62
f 275/275/42 274/274/42 276/276/42
f 276/276/42 277/277/42 275/275/42
f 277/277/42 276/276/42 278/278/42
f 278/278/42 279/279/42 277/277/42
f 280/280/42 238/238/42 239/239/42
f 239/239/42 281/281/42 280/280/42
f 282/282/16 240/240/16 241/241/16
f 241/241/16 283/283/16 282/282/16
f 283/283/16 241/241/16 284/284/16
f 284/284/16 285/285/16 283/283/16
f 285/285/16 284/284/16 286/286/16
f 286/286/16 287/287/16 285/285/16
f 287/287/16 286/286/16 288/288/16
f 288/288/16 289/289/16 287/287/16
f 289/289/16 288/288/16 290/290/43
f 290/290/43 291/291/43 289/289/16
f 291/291/43 290/290/43 292/292/55
f 292/292/55 293/293/45 291/291/43
f 293/293/45 292/292/55 294/294/47
f 294/294/47 295/295/47 293/293/45
f 295/295/47 294/294/47 296/296/34
f 296/296/34 297/297/34 295/295/47
f 297/297/34 296/296/34 298/298/35
f 298/298/35 299/299/35 297/297/34
f 299/299/35 298/298/35 300/300/36
f 300/300/36 301/301/36 299/299/35
f 301/301/36 300/300/36 302/302/24
f 302/302/24 303/303/51 301/301/36
f 304/304/51 302/302/24 305/305/25
f 305/305/25 306/306/25 304/304/51
f 307/307/25 308/308/25 309/309/38
f 309/309/38 310/310/37 307/307/25
f 310/310/37 309/309/38 311/311/56
f 311/311/56 312/312/56 310/310/37
f 312/312/56 311/311/56 313/313/53
f 313/313/53 314/314/53 312/312/56
f 314/314/53 313/313/53 315/315/54
f 315/315/54 316/316/54 314/314/53
f 316/316/54 315/315/54 317/317/42
f 317/317/42 318/318/42 316/316/54
f 318/318/42 317/317/42 319/319/42
f 319/319/42 320/320/42 318/318/42
f 320/320/42 319/319/42 280/280/42
f 280/280/42 321/321/42 320/320/42
f 321/321/42 280/280/42 281/281/42
f 281/281/42 322/322/42 321/321/42
f 323/323/63 324/324/63 325/325/63
f 325/325/63 326/326/63 323/323/63
f 326/326/63 325/325/63 327/327/63
f 327/327/63 328/328/63 326/326/63
f 328/328/63 327/327/63 329/329/63
f 329/329/63 330/330/63 328/328/63
f 330/330/63 329/329/63 331/331/63
f 331/331/63 332/332/63 330/330/63
f 332/332/63 331/331/63 333/333/63
f 333/333/63 334/334/63 332/332/63
f 334/334/63 333/333/63 335/335/63
f 335/335/63 336/336/63 334/334/63
f 336/336/63 335/335/63 337/337/63
f 337/337/63 338/338/63 336/336/63
f 338/338/63 337/337/63 339/339/63
f 339/339/63 340/340/63 338/338/63
f 340/340/63 339/339/63 341/341/63
f 341/341/63 342/342/63 340/340/63
f 342/342/63 341/341/63 343/343/63
f 343/343/63 344/344/63 342/342/63
f 344/344/63 343/343/63 345/345/63
f 345/345/63 346/346/63 344/344/63
f 347/347/63 348/348/63 349/349/63
f 349/349/63 350/350/63 347/347/63
f 350/350/63 349/349/63 351/351/63
f 351/351/63 352/352/63 350/350/63
f 352/352/63 351/351/63 353/353/63
f 353/353/63 354/354/63 352/352/63
f 354/354/63 353/353/63 355/355/63
f 355/355/63 356/356/63 354/354/63
f 356/356/63 355/355/63 357/357/63
f 357/357/63 358/358/63 356/356/63
f 358/358/63 357/357/63 359/359/63
f 359/359/63 360/360/63 358/358/63
f 360/360/63 359/359/63 361/361/63
f 361/361/63 362/362/63 360/360/63
f 362/362/63 361/361/63 363/363/63
f 363/363/63 364/364/63 362/362/63
f 364/364/63 363/363/63 365/365/63
f 365/365/63 366/366/63 364/364/63
f 367/367/16 368/368/16 369/369/16
f 369/369/16 370/370/16 367/367/16
f 371/371/16 367/367/16 370/370/16
f 370/370/16 372/372/16 371/371/16
f 373/373/16 371/371/16 372/372/16
f 372/372/16 374/374/16 373/373/16
f 375/375/16 373/373/16 374/374/16
f 375/375/16 374/374/16 376/376/16
f 376/376/16 377/377/16 375/375/16
f 378/378/42 379/379/42 380/380/42
f 380/380/42 381/381/42 378/378/42
f 382/382/42 378/378/42 381/381/42
f 381/381/42 383/383/42 382/382/42
f 384/384/42 382/382/42 383/383/42
f 383/383/42 385/385/42 384/384/42
f 386/386/42 384/384/42 385/385/42
f 386/386/42 385/385/42 387/387/42
f 387/387/42 388/388/42 386/386/42
f 389/389/42 386/386/42 388/388/42
f 389/389/42 388/388/42 390/390/42
f 390/390/42 391/391/42 389/389/42
f 392/392/1 393/393/1 394/394/1
f 394/394/1 395/395/1 392/392/1
f 395/395/1 394/394/1 396/396/1
f 396/396/1 397/397/1 395/395/1
f 397/397/1 396/396/1 398/398/1
f 398/398/1 399/399/1 397/397/1
f 399/399/1 398/398/1 400/400/1
f 400/400/1 401/401/1 399/399/1
f 401/401/1 400/400/1 402/402/2
f 402/402/2 403/403/2 401/401/1
f 403/403/2 402/402/2 404/404/3
f 404/404/3 405/405/3 403/403/2
f 405/405/3 404/404/3 406/406/4
f 406/406/4 407/407/4 405/405/3
f 407/407/4 406/406/4 408/408/5
f 408/408/5 409/409/5 407/407/4
f 409/409/5 408/408/5 410/410/6
f 410/410/6 411/411/6 409/409/5
f 411/411/6 410/410/6 412/412/7
f 412/412/7 413/413/7 411/411/6
f 413/413/7 412/412/7 414/414/15
f 414/414/15 415/415/15 413/413/7
f 415/415/15 414/414/15 416/416/9
f 416/416/9 417/417/9 415/415/15
f 417/417/9 416/416/9 418/418/64
f 418/418/64 419/419/64 417/417/9
f 419/419/64 418/418/64 420/420/11
f 420/420/11 421/421/11 419/419/64
f 421/421/11 420/420/11 422/422/12
f 422/422/12 423/423/12 421/421/11
f 423/423/12 422/422/12 424/424/13
f 424/424/13 425/425/13 423/423/12
f 425/425/13 424/424/13 426/426/14
f 426/426/14 427/427/14 425/425/13
f 427/427/14 426/426/14 428/428/14
f 428/428/14 429/429/14 427/427/14
f 429/429/14 428/428/14 430/430/14
f 430/430/14 431/431/14 429/429/14
f 431/431/14 430/430/14 432/432/14
f 432/432/14 433/433/14 431/431/14
f 434/434/65 435/435/65 436/436/65
f 436/436/65 437/437/65 434/434/65
f 167/167/42 438/438/66 439/439/42
f 439/439/42 169/169/42 167/167/42
f 165/165/42 440/440/66 438/438/66
f 438/438/66 167/167/42 165/165/42
f 163/163/42 441/441/66 440/440/66
f 440/440/66 165/165/42 163/163/42
f 161/161/41 442/442/41 441/441/66
f 441/441/66 163/163/42 161/161/41
f 159/159/40 443/443/40 442/442/41
f 442/442/41 161/161/41 159/159/40
f 157/157/39 444/444/39 443/443/40
f 443/443/40 159/159/40 157/157/39
f 155/155/37 445/445/37 444/444/39
f 444/444/39 157/157/39 155/155/37
f 153/153/25 446/446/25 445/445/37
f 445/445/37 155/155/37 153/153/25
f 152/152/24 447/447/67 446/446/25
f 446/446/25 153/153/25 152/152/24
f 147/147/36 448/448/23 449/449/67
f 449/449/67 149/149/24 147/147/36
f 145/145/35 450/450/35 448/448/23
f 448/448/23 147/147/36 145/145/35
f 143/143/34 451/451/34 450/450/35
f 450/450/35 145/145/35 143/143/34
f 141/141/33 452/452/33 451/451/34
f 451/451/34 143/143/34 141/141/33
f 139/139/32 453/453/32 452/452/33
f 452/452/33 141/141/33 139/139/32
f 137/137/31 454/454/31 453/453/32
f 453/453/32 139/139/32 137/137/31
f 135/135/16 455/455/16 454/454/31
f 454/454/31 137/137/31 135/135/16
f 133/133/16 456/456/16 455/455/16
f 455/455/16 135/135/16 133/133/16
f 131/131/16 457/457/16 456/456/16
f 456/456/16 133/133/16 131/131/16
f 129/129/16 458/458/16 457/457/16
f 457/457/16 131/131/16 129/129/16
f 128/128/16 459/459/16 458/458/16
f 458/458/16 129/129/16 128/128/16
f 460/460/42 389/389/42 391/391/42
f 391/391/42 461/461/42 460/460/42
f 462/462/68 463/463/68 464/464/68
f 464/464/68 465/465/68 462/462/68
f 466/466/63 467/467/63 468/468/63
f 468/468/63 469/469/63 466/466/63
f 470/470/42 471/471/42 472/472/42
f 472/472/42 473/473/42 470/470/42
f 465/465/68 464/464/68 474/474/68
f 474/474/68 475/475/68 465/465/68
f 476/476/63 477/477/63 467/467/63
f 467/467/63 466/466/63 476/476/63
f 475/475/68 474/474/68 478/478/68
f 478/478/68 479/479/68 475/475/68
f 480/480/63 481/481/63 477/477/63
f 477/477/63 476/476/63 480/480/63
f 479/479/68 478/478/68 482/482/68
f 482/482/68 483/483/68 479/479/68
f 484/484/63 485/485/63 481/481/63
f 481/481/63 480/480/63 484/484/63
f 483/483/68 482/482/68 486/486/68
f 486/486/68 487/487/68 483/483/68
f 488/488/63 489/489/63 485/485/63
f 485/485/63 484/484/63 488/488/63
f 487/487/68 486/486/68 490/490/68
f 490/490/68 491/491/69 487/487/68
f 492/492/70 493/493/70 489/489/63
f 489/489/63 488/488/63 492/492/70
f 491/491/69 490/490/68 494/494/68
f 494/494/68 495/495/69 491/491/69
f 496/496/70 497/497/70 493/493/70
f 493/493/70 492/492/70 496/496/70
f 495/495/69 494/494/68 498/498/68
f 498/498/68 499/499/69 495/495/69
f 500/500/71 501/501/71 497/497/70
f 497/497/70 496/496/70 500/500/71
f 499/499/69 498/498/68 502/502/68
f 502/502/68 503/503/68 499/499/69
f 504/504/63 505/505/63 501/501/71
f 501/501/71 500/500/71 504/504/63
f 503/503/68 502/502/68 506/506/68
f 506/506/68 507/507/68 503/503/68
f 508/508/63 509/509/63 505/505/63
f 505/505/63 504/504/63 508/508/63
f 507/507/68 506/506/68 510/510/68
f 510/510/68 511/511/68 507/507/68
f 512/512/63 513/513/63 509/509/63
f 509/509/63 508/508/63 512/512/63
f 511/511/68 510/510/68 514/514/68
f 514/514/68 515/515/72 511/511/68
f 516/516/63 517/517/63 518/518/63
f 518/518/63 519/519/63 516/516/63
f 515/515/72 514/514/68 520/520/68
f 520/520/68 521/521/72 515/515/72
f 522/522/63 523/523/63 517/517/63
f 517/517/63 516/516/63 522/522/63
f 521/521/72 520/520/68 524/524/68
f 524/524/68 525/525/72 521/521/72
f 526/526/63 527/527/63 523/523/63
f 523/523/63 522/522/63 526/526/63
f 525/525/72 524/524/68 528/528/68
f 528/528/68 529/529/72 525/525/72
f 530/530/73 531/531/73 527/527/63
f 527/527/63 526/526/63 530/530/73
f 529/529/72 528/528/68 532/532/68
f 532/532/68 533/533/72 529/529/72
f 534/534/73 535/535/73 531/531/73
f 531/531/73 530/530/73 534/534/73
f 533/533/72 532/532/68 536/536/68
f 536/536/68 537/537/72 533/533/72
f 538/538/73 539/539/73 535/535/73
f 535/535/73 534/534/73 538/538/73
f 537/537/72 536/536/68 540/540/68
f 540/540/68 541/541/68 537/537/72
f 542/542/63 543/543/63 539/539/73
f 539/539/73 538/538/73 542/542/63
f 541/541/68 540/540/68 544/544/68
f 544/544/68 545/545/68 541/541/68
f 546/546/63 547/547/63 543/543/63
f 543/543/63 542/542/63 546/546/63
f 545/545/68 544/544/68 548/548/68
f 548/548/68 549/549/68 545/545/68
f 550/550/74 551/551/74 552/552/74
f 552/552/74 553/553/74 550/550/74
f 554/554/63 555/555/63 547/547/63
f 547/547/63 546/546/63 554/554/63
f 556/556/75 557/557/75 558/558/75
f 558/558/75 559/559/75 556/556/75
f 560/560/76 561/561/76 562/562/76
f 562/562/76 563/563/76 560/560/76
f 559/559/75 558/558/75 564/564/75
f 564/564/75 565/565/75 559/559/75
f 565/565/75 564/564/75 566/566/75
f 566/566/75 567/567/75 565/565/75
f 567/567/75 566/566/75 568/568/75
f 568/568/75 569/569/75 567/567/75
f 569/569/75 568/568/75 570/570/77
f 570/570/77 571/571/77 569/569/75
f 571/571/77 570/570/77 572/572/78
f 572/572/78 573/573/78 571/571/77
f 573/573/78 572/572/78 574/574/79
f 574/574/79 575/575/79 573/573/78
f 575/575/79 574/574/79 576/576/80
f 576/576/80 577/577/80 575/575/79
f 577/577/80 576/576/80 578/578/81
f 578/578/81 579/579/81 577/577/80
f 579/579/81 578/578/81 580/580/82
f 580/580/82 581/581/82 579/579/81
f 581/581/82 580/580/82 582/582/83
f 582/582/83 583/583/83 581/581/82
f 584/584/83 585/585/83 586/586/84
f 586/586/84 587/587/84 584/584/83
f 587/587/84 586/586/84 588/588/85
f 588/588/85 589/589/85 587/587/84
f 589/589/85 588/588/85 590/590/86
f 590/590/86 591/591/86 589/589/85
f 591/591/86 590/590/86 592/592/87
f 592/592/87 593/593/87 591/591/86
f 593/593/87 592/592/87 594/594/88
f 594/594/88 595/595/88 593/593/87
f 595/595/88 594/594/88 596/594/89
f 596/594/89 597/595/89 595/595/88
f 597/595/89 596/594/89 598/594/89
f 598/594/89 599/595/89 597/595/89
f 599/595/89 598/594/89 600/594/89
f 600/594/89 601/595/89 599/595/89
f 601/595/89 600/594/89 602/594/89
f 602/594/89 603/595/89 601/595/89
f 604/596/90 605/597/90 606/598/90
f 606/598/90 607/599/90 604/596/90
f 608/600/76 609/601/76 561/561/76
f 561/561/76 560/560/76 608/600/76
f 607/599/90 606/598/90 610/602/90
f 610/602/90 611/603/90 607/599/90
f 612/604/76 613/605/76 609/601/76
f 609/601/76 608/600/76 612/604/76
f 611/603/90 610/602/90 614/606/90
f 614/606/90 615/607/90 611/603/90
f 616/608/91 617/609/91 618/610/91
f 618/610/91 619/611/91 616/608/91
f 620/612/76 621/613/76 613/605/76
f 613/605/76 612/604/76 620/612/76
f 622/614/91 623/615/91 617/609/91
f 617/609/91 616/608/91 622/614/91
f 624/616/91 625/617/91 623/615/91
f 623/615/91 622/614/91 624/616/91
f 626/618/91 627/619/91 625/617/91
f 625/617/91 624/616/91 626/618/91
f 628/620/92 629/621/92 627/619/91
f 627/619/91 626/618/91 628/620/92
f 630/622/93 631/623/93 629/621/92
f 629/621/92 628/620/92 630/622/93
f 632/624/94 633/625/94 631/623/93
f 631/623/93 630/622/93 632/624/94
f 634/626/95 635/627/95 633/625/94
f 633/625/94 632/624/94 634/626/95
f 636/628/96 637/629/96 635/627/95
f 635/627/95 634/626/95 636/628/96
f 638/630/97 639/631/97 637/629/96
f 637/629/96 636/628/96 638/630/97
f 640/632/98 641/633/98 639/631/97
f 639/631/97 638/630/97 640/632/98
f 642/634/99 643/635/99 644/636/98
f 644/636/98 645/637/98 642/634/99
f 646/638/100 647/639/100 643/635/99
f 643/635/99 642/634/99 646/638/100
f 648/640/101 649/641/101 647/639/100
f 647/639/100 646/638/100 648/640/101
f 650/642/102 651/643/102 649/641/101
f 649/641/101 648/640/101 650/642/102
f 652/644/103 653/645/103 651/643/102
f 651/643/102 650/642/102 652/644/103
f 654/646/104 655/647/104 653/645/103
f 653/645/103 652/644/103 654/646/104
f 656/648/104 657/649/104 655/647/104
f 655/647/104 654/646/104 656/648/104
f 658/650/104 659/651/104 657/649/104
f 657/649/104 656/648/104 658/650/104
f 615/607/90 614/606/90 660/652/90
f 660/652/90 661/653/90 615/607/90
f 662/654/104 663/655/104 659/651/104
f 659/651/104 658/650/104 662/654/104
f 664/656/16 665/657/16 666/658/16
f 666/658/16 667/659/16 664/656/16
f 668/660/1 3/3/1 2/2/1
f 2/2/1 669/661/1 668/660/1
f 670/662/42 380/380/42 379/379/42
f 379/379/42 671/663/42 670/662/42
f 667/659/16 666/658/16 672/664/16
f 672/664/16 673/665/16 667/659/16
f 674/666/1 5/5/1 3/3/1
f 3/3/1 668/660/1 674/666/1
f 673/665/16 672/664/16 675/667/16
f 675/667/16 676/668/16 673/665/16
f 677/669/1 7/7/1 5/5/1
f 5/5/1 674/666/1 677/669/1
f 676/668/16 675/667/16 678/670/16
f 678/670/16 679/671/16 676/668/16
f 680/672/1 9/9/1 7/7/1
f 7/7/1 677/669/1 680/672/1
f 679/671/16 678/670/16 681/673/31
f 681/673/31 682/674/31 679/671/16
f 683/675/2 11/11/2 9/9/1
f 9/9/1 680/672/1 683/675/2
f 682/674/31 681/673/31 684/676/32
f 684/676/32 685/677/32 682/674/31
f 686/678/3 13/13/3 11/11/2
f 11/11/2 683/675/2 686/678/3
f 685/677/32 684/676/32 687/679/33
f 687/679/33 688/680/33 685/677/32
f 689/681/4 15/15/4 13/13/3
f 13/13/3 686/678/3 689/681/4
f 688/680/33 687/679/33 690/682/34
f 690/682/34 691/683/34 688/680/33
f 692/684/5 17/17/5 15/15/4
f 15/15/4 689/681/4 692/684/5
f 691/683/34 690/682/34 693/685/35
f 693/685/35 694/686/35 691/683/34
f 695/687/6 19/19/6 17/17/5
f 17/17/5 692/684/5 695/687/6
f 694/686/35 693/685/35 696/688/36
f 696/688/36 697/689/36 694/686/35
f 698/690/7 21/21/7 19/19/6
f 19/19/6 695/687/6 698/690/7
f 697/689/36 696/688/36 699/691/24
f 699/691/24 700/692/24 697/689/36
f 701/693/8 23/23/8 21/21/7
f 21/21/7 698/690/7 701/693/8
f 702/694/24 703/695/24 704/696/25
f 704/696/25 705/697/25 702/694/24
f 706/698/9 25/25/9 23/23/8
f 23/23/8 701/693/8 706/698/9
f 707/699/25 708/700/25 709/701/37
f 709/701/37 710/702/37 707/699/25
f 711/703/10 27/27/10 25/25/9
f 25/25/9 706/698/9 711/703/10
f 710/702/37 709/701/37 712/704/39
f 712/704/39 713/705/39 710/702/37
f 714/706/11 29/29/11 27/27/10
f 27/27/10 711/703/10 714/706/11
f 713/705/39 712/704/39 715/707/40
f 715/707/40 716/708/40 713/705/39
f 717/709/105 31/31/12 29/29/11
f 29/29/11 714/706/11 717/709/105
f 716/708/40 715/707/40 718/710/41
f 718/710/41 719/711/41 716/708/40
f 720/712/13 33/33/13 31/31/12
f 31/31/12 717/709/105 720/712/13
f 719/711/41 718/710/41 721/713/42
f 721/713/42 722/714/42 719/711/41
f 723/715/14 35/35/14 33/33/13
f 33/33/13 720/712/13 723/715/14
f 722/714/42 721/713/42 724/716/42
f 724/716/42 725/717/42 722/714/42
f 726/718/14 37/37/14 35/35/14
f 35/35/14 723/715/14 726/718/14
f 725/717/42 724/716/42 727/719/42
f 727/719/42 728/720/42 725/717/42
f 729/721/14 39/39/14 37/37/14
f 37/37/14 726/718/14 729/721/14
f 728/720/42 727/719/42 730/722/42
f 730/722/42 731/723/42 728/720/42
f 732/724/16 369/369/16 368/368/16
f 368/368/16 733/725/16 732/724/16
f 734/726/14 41/41/14 39/39/14
f 39/39/14 729/721/14 734/726/14
f 735/727/42 736/728/42 737/729/42
f 737/729/42 738/730/42 735/727/42
f 739/731/14 740/732/14 741/733/14
f 741/733/14 742/734/14 739/731/14
f 738/730/42 737/729/42 743/735/42
f 743/735/42 744/736/42 738/730/42
f 745/737/14 746/738/14 740/732/14
f 740/732/14 739/731/14 745/737/14
f 744/736/42 743/735/42 747/739/42
f 747/739/42 748/740/42 744/736/42
f 749/741/14 750/742/14 746/738/14
f 746/738/14 745/737/14 749/741/14
f 748/740/42 747/739/42 751/743/42
f 751/743/42 752/744/42 748/740/42
f 752/744/42 751/743/42 753/745/42
f 753/745/42 754/746/42 752/744/42
f 755/747/42 756/748/42 757/749/30
f 757/749/30 758/750/30 755/747/42
f 754/746/42 753/745/42 756/748/42
f 756/748/42 755/747/42 754/746/42
f 759/751/14 760/752/14 761/753/14
f 761/753/14 762/754/106 759/751/14
f 742/734/14 741/733/14 763/755/14
f 763/755/14 764/756/14 742/734/14
f 765/757/63 766/758/63 767/759/63
f 767/759/63 768/760/63 765/757/63
f 769/761/42 770/762/42 736/728/42
f 736/728/42 735/727/42 769/761/42
f 771/763/1 2/2/1 1/1/1
f 1/1/1 772/764/1 771/763/1
f 773/765/16 774/766/16 665/657/16
f 665/657/16 775/767/16 773/765/16
f 772/764/1 1/1/1 43/43/1
f 43/43/1 776/768/1 772/764/1
f 777/769/16 778/770/16 774/766/16
f 774/766/16 773/765/16 777/769/16
f 776/768/1 43/43/1 64/64/1
f 64/64/1 779/771/1 776/768/1
f 780/772/16 781/773/16 778/770/16
f 778/770/16 777/769/16 780/772/16
f 782/774/16 127/127/16 781/773/16
f 781/773/16 780/772/16 782/774/16
f 783/775/16 128/128/16 127/127/16
f 127/127/16 782/774/16 783/775/16
f 784/776/16 785/777/16 459/459/16
f 459/459/16 786/778/16 784/776/16
f 787/779/1 393/393/1 392/392/1
f 392/392/1 788/780/1 787/779/1
f 786/778/16 459/459/16 128/128/16
f 128/128/16 783/775/16 786/778/16
f 775/767/16 665/657/16 664/656/16
f 664/656/16 789/781/16 775/767/16
f 790/782/63 324/324/63 323/323/63
f 323/323/63 791/783/63 790/782/63
f 792/784/1 669/661/1 2/2/1
f 2/2/1 771/763/1 792/784/1
f 435/435/65 793/785/16 377/377/16
f 435/435/65 377/377/16 376/376/16
f 376/376/16 436/436/65 435/435/65
f 794/786/1 795/787/1 796/788/1
f 796/788/1 797/789/1 794/786/1
f 798/790/1 796/788/1 795/787/1
f 795/787/1 799/791/1 798/790/1
f 800/792/1 798/790/1 799/791/1
f 799/791/1 801/793/1 800/792/1
f 802/794/1 800/792/1 801/793/1
f 801/793/1 803/795/1 802/794/1
f 804/796/1 802/794/1 803/795/1
f 803/795/1 805/797/1 804/796/1
f 806/798/2 804/796/1 805/797/1
f 805/797/1 807/799/2 806/798/2
f 808/800/3 806/798/2 807/799/2
f 807/799/2 809/801/3 808/800/3
f 810/802/4 808/800/3 809/801/3
f 809/801/3 811/803/4 810/802/4
f 812/804/5 810/802/4 811/803/4
f 811/803/4 813/805/5 812/804/5
f 814/806/6 812/804/5 813/805/5
f 813/805/5 815/807/6 814/806/6
f 816/808/7 814/806/6 815/807/6
f 815/807/6 817/809/7 816/808/7
f 818/810/8 816/808/7 817/809/7
f 817/809/7 819/811/8 818/810/8
f 820/812/9 818/810/8 819/811/8
f 819/811/8 821/813/9 820/812/9
f 822/814/10 820/812/9 821/813/9
f 821/813/9 823/815/10 822/814/10
f 824/816/11 822/814/10 823/815/10
f 823/815/10 825/817/11 824/816/11
f 826/818/12 824/816/11 825/817/11
f 825/817/11 827/819/12 826/818/12
f 828/820/13 826/818/12 827/819/12
f 827/819/12 829/821/13 828/820/13
f 830/822/14 828/820/13 829/821/13
f 829/821/13 831/823/14 830/822/14
f 832/824/14 830/822/14 831/823/14
f 831/823/14 833/825/14 832/824/14
f 834/826/14 832/824/14 833/825/14
f 833/825/14 835/827/14 834/826/14
f 836/828/14 834/826/14 835/827/14
f 835/827/14 837/829/14 836/828/14
f 838/830/106 839/831/14 840/832/14
f 838/830/106 840/832/14 841/833/14
f 841/833/14 842/834/14 838/830/106
f 843/835/1 844/836/1 845/837/1
f 845/837/1 846/838/1 843/835/1
f 846/838/1 845/837/1 847/839/1
f 847/839/1 848/840/1 846/838/1
f 848/840/1 847/839/1 849/841/1
f 849/841/1 850/842/1 848/840/1
f 850/842/1 849/841/1 851/843/1
f 851/843/1 852/844/1 850/842/1
f 852/844/1 851/843/1 853/845/107
f 853/845/107 854/846/107 852/844/1
f 854/846/107 853/845/107 855/847/108
f 855/847/108 856/848/108 854/846/107
f 856/848/108 855/847/108 857/849/109
f 857/849/109 858/850/109 856/848/108
f 858/850/109 857/849/109 859/851/5
f 859/851/5 860/852/5 858/850/109
f 860/852/5 859/851/5 861/853/6
f 861/853/6 862/854/6 860/852/5
f 862/854/6 861/853/6 863/855/7
f 863/855/7 864/856/7 862/854/6
f 864/856/7 863/855/7 865/857/15
f 865/857/15 866/858/15 864/856/7
f 866/858/15 865/857/15 867/859/9
f 867/859/9 868/860/9 866/858/15
f 868/860/9 867/859/9 869/861/64
f 869/861/64 870/862/64 868/860/9
f 870/862/64 869/861/64 871/863/110
f 871/863/110 872/864/110 870/862/64
f 872/864/110 871/863/110 873/865/111
f 873/865/111 874/866/111 872/864/110
f 874/866/111 873/865/111 875/867/112
f 875/867/112 876/868/112 874/866/111
f 876/868/112 875/867/112 877/869/14
f 877/869/14 878/870/14 876/868/112
f 878/870/14 877/869/14 879/871/14
f 879/871/14 880/872/14 878/870/14
f 880/872/14 879/871/14 881/873/14
f 881/873/14 882/874/14 880/872/14
f 882/874/14 881/873/14 883/875/14
f 883/875/14 884/876/14 882/874/14
f 393/393/1 796/788/1 798/790/1
f 798/790/1 394/394/1 393/393/1
f 394/394/1 798/790/1 800/792/1
f 800/792/1 396/396/1 394/394/1
f 396/396/1 800/792/1 802/794/1
f 802/794/1 398/398/1 396/396/1
f 398/398/1 802/794/1 804/796/1
f 804/796/1 400/400/1 398/398/1
f 400/400/1 804/796/1 806/798/2
f 806/798/2 402/402/2 400/400/1
f 402/402/2 806/798/2 808/800/3
f 808/800/3 404/404/3 402/402/2
f 404/404/3 808/800/3 810/802/4
f 810/802/4 406/406/4 404/404/3
f 406/406/4 810/802/4 812/804/5
f 812/804/5 408/408/5 406/406/4
f 408/408/5 812/804/5 814/806/6
f 814/806/6 410/410/6 408/408/5
f 410/410/6 814/806/6 816/808/7
f 816/808/7 412/412/7 410/410/6
f 412/412/7 816/808/7 818/810/8
f 818/810/8 414/414/15 412/412/7
f 414/414/15 818/810/8 820/812/9
f 820/812/9 416/416/9 414/414/15
f 416/416/9 820/812/9 822/814/10
f 822/814/10 418/418/64 416/416/9
f 418/418/64 822/814/10 824/816/11
f 824/816/11 420/420/11 418/418/64
f 420/420/11 824/816/11 826/818/12
f 826/818/12 422/422/12 420/420/11
f 422/422/12 826/818/12 828/820/13
f 828/820/13 424/424/13 422/422/12
f 424/424/13 828/820/13 830/822/14
f 830/822/14 426/426/14 424/424/13
f 426/426/14 830/822/14 832/824/14
f 832/824/14 428/428/14 426/426/14
f 428/428/14 832/824/14 834/826/14
f 834/826/14 430/430/14 428/428/14
f 430/430/14 834/826/14 836/828/14
f 836/828/14 432/432/14 430/430/14
f 885/877/14 886/878/14 887/879/14
f 887/879/14 888/880/14 885/877/14
f 762/754/106 761/753/14 839/831/14
f 839/831/14 838/830/106 762/754/106
f 889/881/1 844/836/1 843/835/1
f 843/835/1 890/882/1 889/881/1
f 797/789/1 796/788/1 393/393/1
f 393/393/1 787/779/1 797/789/1
f 891/883/16 375/375/16 377/377/16
f 891/883/16 377/377/16 793/785/16
f 390/390/42 388/388/42 387/387/42
f 892/884/113 64/64/1 65/65/1
f 65/65/1 893/885/1 892/884/113
f 894/886/1 799/791/1 795/787/1
f 795/787/1 895/887/1 894/886/1
f 893/885/1 65/65/1 66/66/1
f 66/66/1 896/888/1 893/885/1
f 897/889/1 801/793/1 799/791/1
f 799/791/1 894/886/1 897/889/1
f 896/888/1 66/66/1 67/67/1
f 67/67/1 898/890/1 896/888/1
f 899/891/1 803/795/1 801/793/1
f 801/793/1 897/889/1 899/891/1
f 898/890/1 67/67/1 68/68/1
f 68/68/1 900/892/1 898/890/1
f 901/893/1 805/797/1 803/795/1
f 803/795/1 899/891/1 901/893/1
f 900/892/1 68/68/1 69/69/2
f 69/69/2 902/894/2 900/892/1
f 903/895/2 807/799/2 805/797/1
f 805/797/1 901/893/1 903/895/2
f 902/894/2 69/69/2 70/70/3
f 70/70/3 904/896/3 902/894/2
f 905/897/114 809/801/3 807/799/2
f 807/799/2 903/895/2 905/897/114
f 904/896/3 70/70/3 71/71/4
f 71/71/4 906/898/4 904/896/3
f 907/899/115 811/803/4 809/801/3
f 809/801/3 905/897/114 907/899/115
f 906/898/4 71/71/4 72/72/5
f 72/72/5 908/900/116 906/898/4
f 909/901/116 813/805/5 811/803/4
f 811/803/4 907/899/115 909/901/116
f 908/900/116 72/72/5 73/73/6
f 73/73/6 910/902/6 908/900/116
f 911/903/117 815/807/6 813/805/5
f 813/805/5 909/901/116 911/903/117
f 910/902/6 73/73/6 74/74/7
f 74/74/7 912/904/118 910/902/6
f 913/905/119 817/809/7 815/807/6
f 815/807/6 911/903/117 913/905/119
f 912/904/118 74/74/7 75/75/15
f 75/75/15 914/906/120 912/904/118
f 915/907/15 819/811/8 817/809/7
f 817/809/7 913/905/119 915/907/15
f 914/906/120 75/75/15 76/76/9
f 76/76/9 916/908/121 914/906/120
f 917/909/122 821/813/9 819/811/8
f 819/811/8 915/907/15 917/909/122
f 916/908/121 76/76/9 77/77/10
f 77/77/10 918/910/10 916/908/121
f 919/911/10 823/815/10 821/813/9
f 821/813/9 917/909/122 919/911/10
f 918/910/10 77/77/10 78/78/11
f 78/78/11 920/912/11 918/910/10
f 921/913/11 825/817/11 823/815/10
f 823/815/10 919/911/10 921/913/11
f 920/912/11 78/78/11 79/79/12
f 79/79/12 922/914/12 920/912/11
f 923/915/12 827/819/12 825/817/11
f 825/817/11 921/913/11 923/915/12
f 922/914/12 79/79/12 80/80/13
f 80/80/13 924/916/13 922/914/12
f 925/917/13 829/821/13 827/819/12
f 827/819/12 923/915/12 925/917/13
f 924/916/13 80/80/13 81/81/14
f 81/81/14 926/918/14 924/916/13
f 927/919/14 831/823/14 829/821/13
f 829/821/13 925/917/13 927/919/14
f 926/918/14 81/81/14 82/82/14
f 82/82/14 928/920/14 926/918/14
f 929/921/14 833/825/14 831/823/14
f 831/823/14 927/919/14 929/921/14
f 928/920/14 82/82/14 83/83/14
f 83/83/14 930/922/14 928/920/14
f 931/923/14 835/827/14 833/825/14
f 833/825/14 929/921/14 931/923/14
f 930/922/14 83/83/14 84/84/14
f 84/84/14 932/924/14 930/922/14
f 933/925/14 837/829/14 835/827/14
f 835/827/14 931/923/14 933/925/14
f 934/926/14 750/742/14 749/741/14
f 749/741/14 935/927/123 934/926/14
f 935/927/123 749/741/14 841/833/14
f 841/833/14 936/928/123 935/927/123
f 936/928/123 841/833/14 840/832/14
f 840/832/14 937/929/14 936/928/123
f 895/887/1 795/787/1 794/786/1
f 794/786/1 938/930/1 895/887/1
f 938/930/1 794/786/1 779/771/1
f 779/771/1 939/931/124 938/930/1
f 939/931/124 779/771/1 64/64/1
f 64/64/1 892/884/113 939/931/124
f 940/932/68 941/933/68 942/934/68
f 942/934/68 943/935/68 940/932/68
f 944/936/63 945/937/63 946/938/63
f 946/938/63 947/939/63 944/936/63
f 943/935/68 942/934/68 948/940/68
f 948/940/68 949/941/68 943/935/68
f 950/942/63 951/943/63 945/937/63
f 945/937/63 944/936/63 950/942/63
f 949/941/68 948/940/68 952/944/68
f 952/944/68 953/945/68 949/941/68
f 954/946/63 955/947/63 951/943/63
f 951/943/63 950/942/63 954/946/63
f 953/945/68 952/944/68 956/948/68
f 956/948/68 957/949/68 953/945/68
f 958/950/63 959/951/63 955/947/63
f 955/947/63 954/946/63 958/950/63
f 957/949/68 956/948/68 960/952/68
f 960/952/68 961/953/68 957/949/68
f 962/954/63 963/955/63 959/951/63
f 959/951/63 958/950/63 962/954/63
f 961/953/68 960/952/68 964/956/68
f 964/956/68 965/957/68 961/953/68
f 966/958/63 967/959/63 963/955/63
f 963/955/63 962/954/63 966/958/63
f 965/957/68 964/956/68 968/960/68
f 968/960/68 969/961/68 965/957/68
f 970/962/63 971/963/63 967/959/63
f 967/959/63 966/958/63 970/962/63
f 969/961/68 968/960/68 972/964/68
f 972/964/68 973/965/68 969/961/68
f 974/966/63 975/967/63 971/963/63
f 971/963/63 970/962/63 974/966/63
f 973/965/68 972/964/68 976/968/68
f 976/968/68 977/969/68 973/965/68
f 978/970/125 979/971/125 975/967/63
f 975/967/63 974/966/63 978/970/125
f 977/969/68 976/968/68 980/972/68
f 980/972/68 981/973/68 977/969/68
f 982/974/63 983/975/63 979/971/125
f 979/971/125 978/970/125 982/974/63
f 981/973/68 980/972/68 984/976/68
f 984/976/68 985/977/68 981/973/68
f 986/978/63 987/979/63 983/975/63
f 983/975/63 982/974/63 986/978/63
f 985/977/68 984/976/68 988/980/68
f 988/980/68 989/981/68 985/977/68
f 990/982/63 991/983/63 987/979/63
f 987/979/63 986/978/63 990/982/63
f 989/981/68 988/980/68 992/984/126
f 992/984/126 993/985/126 989/981/68
f 994/986/63 995/987/63 991/983/63
f 991/983/63 990/982/63 994/986/63
f 993/985/126 992/984/126 996/988/68
f 996/988/68 997/989/68 993/985/126
f 998/990/73 999/991/73 995/987/63
f 995/987/63 994/986/63 998/990/73
f 997/989/68 996/988/68 1000/992/68
f 1000/992/68 1001/993/68 997/989/68
f 1002/994/63 1003/995/63 999/991/73
f 999/991/73 998/990/73 1002/994/63
f 1001/993/68 1000/992/68 1004/996/68
f 1004/996/68 1005/997/68 1001/993/68
f 1006/998/63 1007/999/63 1003/995/63
f 1003/995/63 1002/994/63 1006/998/63
f 1005/997/68 1004/996/68 1008/1000/68
f 1008/1000/68 1009/1001/68 1005/997/68
f 1010/1002/63 1011/1003/63 1007/999/63
f 1007/999/63 1006/998/63 1010/1002/63
f 1009/1001/68 1008/1000/68 1012/1004/68
f 1012/1004/68 1013/1005/68 1009/1001/68
f 1014/1006/63 1015/1007/63 1011/1003/63
f 1011/1003/63 1010/1002/63 1014/1006/63
f 1013/1005/68 1012/1004/68 1016/1008/68
f 1016/1008/68 1017/1009/68 1013/1005/68
f 1018/1010/63 1019/1011/63 1015/1007/63
f 1015/1007/63 1014/1006/63 1018/1010/63
f 1017/1009/68 1016/1008/68 1020/1012/68
f 1020/1012/68 1021/1013/68 1017/1009/68
f 1022/1014/63 1023/1015/63 1019/1011/63
f 1019/1011/63 1018/1010/63 1022/1014/63
f 1024/1016/68 1025/1017/68 1026/1018/68
f 1026/1018/68 1027/1019/68 1024/1016/68
f 1027/1019/1 1026/1018/1 1028/1020/1
f 1028/1020/1 1029/1021/1 1027/1019/1
f 1029/1021/63 1028/1020/63 1030/1022/63
f 1030/1022/63 1031/1023/63 1029/1021/63
f 947/939/63 946/938/63 1032/1024/63
f 1032/1024/63 1033/1025/63 947/939/63
f 890/882/14 938/930/14 939/931/14
f 939/931/14 889/881/14 890/882/14
f 1034/1026/68 1035/1027/68 941/933/68
f 941/933/68 940/932/68 1034/1026/68
f 1036/1028/16 218/218/16 219/219/16
f 219/219/16 1037/1029/16 1036/1028/16
f 1038/1030/16 284/284/16 241/241/16
f 241/241/16 1039/1031/16 1038/1030/16
f 1039/1031/16 241/241/16 218/218/16
f 218/218/16 1036/1028/16 1039/1031/16
f 1037/1029/16 219/219/16 220/220/16
f 220/220/16 1040/1032/16 1037/1029/16
f 1041/1033/16 286/286/16 284/284/16
f 284/284/16 1038/1030/16 1041/1033/16
f 1040/1032/16 220/220/16 221/221/16
f 221/221/16 1042/1034/16 1040/1032/16
f 1043/1035/16 288/288/16 286/286/16
f 286/286/16 1041/1033/16 1043/1035/16
f 1042/1034/16 221/221/16 222/222/43
f 222/222/43 1044/1036/43 1042/1034/16
f 1045/1037/127 290/290/43 288/288/16
f 288/288/16 1043/1035/16 1045/1037/127
f 1044/1036/43 222/222/43 223/223/55
f 223/223/55 1046/1038/55 1044/1036/43
f 1047/1039/55 292/292/55 290/290/43
f 290/290/43 1045/1037/127 1047/1039/55
f 1046/1038/55 223/223/55 224/224/47
f 224/224/47 1048/1040/128 1046/1038/55
f 1049/1041/128 294/294/47 292/292/55
f 292/292/55 1047/1039/55 1049/1041/128
f 1048/1040/128 224/224/47 225/225/34
f 225/225/34 1050/1042/34 1048/1040/128
f 1051/1043/34 296/296/34 294/294/47
f 294/294/47 1049/1041/128 1051/1043/34
f 1050/1042/34 225/225/34 226/226/35
f 226/226/35 1052/1044/129 1050/1042/34
f 1053/1045/35 298/298/35 296/296/34
f 296/296/34 1051/1043/34 1053/1045/35
f 1052/1044/129 226/226/35 227/227/36
f 227/227/36 1054/1046/23 1052/1044/129
f 1055/1047/36 300/300/36 298/298/35
f 298/298/35 1053/1045/35 1055/1047/36
f 1054/1046/23 227/227/36 228/228/24
f 228/228/24 1056/1048/24 1054/1046/23
f 1057/1049/51 302/302/24 300/300/36
f 300/300/36 1055/1047/36 1057/1049/51
f 1058/1050/24 229/229/24 230/230/25
f 230/230/25 1059/1051/25 1058/1050/24
f 1060/1052/25 305/305/25 302/302/24
f 302/302/24 1057/1049/51 1060/1052/25
f 1061/1053/25 231/231/25 232/232/38
f 232/232/38 1062/1054/38 1061/1053/25
f 1063/1055/38 309/309/38 308/308/25
f 308/308/25 1064/1056/25 1063/1055/38
f 1062/1054/38 232/232/38 233/233/56
f 233/233/56 1065/1057/56 1062/1054/38
f 1066/1058/56 311/311/56 309/309/38
f 309/309/38 1063/1055/38 1066/1058/56
f 1065/1057/56 233/233/56 234/234/53
f 234/234/53 1067/1059/53 1065/1057/56
f 1068/1060/53 313/313/53 311/311/56
f 311/311/56 1066/1058/56 1068/1060/53
f 1067/1059/53 234/234/53 235/235/54
f 235/235/54 1069/1061/54 1067/1059/53
f 1070/1062/54 315/315/54 313/313/53
f 313/313/53 1068/1060/53 1070/1062/54
f 1069/1061/54 235/235/54 236/236/42
f 236/236/42 1071/1063/42 1069/1061/54
f 1072/1064/42 317/317/42 315/315/54
f 315/315/54 1070/1062/54 1072/1064/42
f 1071/1063/42 236/236/42 237/237/42
f 237/237/42 1073/1065/42 1071/1063/42
f 1074/1066/42 319/319/42 317/317/42
f 317/317/42 1072/1064/42 1074/1066/42
f 1073/1065/42 237/237/42 238/238/42
f 238/238/42 1075/1067/42 1073/1065/42
f 1075/1067/42 238/238/42 280/280/42
f 280/280/42 1076/1068/42 1075/1067/42
f 1076/1068/42 280/280/42 319/319/42
f 319/319/42 1074/1066/42 1076/1068/42
f 1077/1069/68 1078/1070/68 1079/1071/68
f 1079/1071/68 1080/1072/68 1077/1069/68
f 1081/1073/63 1082/1074/63 1083/1075/63
f 1083/1075/63 1084/1076/63 1081/1073/63
f 1084/1076/42 1083/1075/42 1085/1077/42
f 1085/1077/42 1086/1078/42 1084/1076/42
f 1080/1072/68 1079/1071/68 1087/1079/68
f 1087/1079/68 1088/1080/68 1080/1072/68
f 1089/1081/63 1090/1082/63 1082/1074/63
f 1082/1074/63 1081/1073/63 1089/1081/63
f 1088/1080/68 1087/1079/68 1091/1083/68
f 1091/1083/68 1092/1084/68 1088/1080/68
f 1093/1085/63 1094/1086/63 1090/1082/63
f 1090/1082/63 1089/1081/63 1093/1085/63
f 1092/1084/68 1091/1083/68 1095/1087/68
f 1095/1087/68 1096/1088/68 1092/1084/68
f 1097/1089/63 1098/1090/63 1094/1086/63
f 1094/1086/63 1093/1085/63 1097/1089/63
f 1096/1088/68 1095/1087/68 1099/1091/68
f 1099/1091/68 1100/1092/68 1096/1088/68
f 1101/1093/63 1102/1094/63 1098/1090/63
f 1098/1090/63 1097/1089/63 1101/1093/63
f 1100/1092/68 1099/1091/68 1103/1095/69
f 1103/1095/69 1104/1096/69 1100/1092/68
f 1105/1097/70 1106/1098/70 1102/1094/63
f 1102/1094/63 1101/1093/63 1105/1097/70
f 1104/1096/69 1103/1095/69 1107/1099/68
f 1107/1099/68 1108/1100/68 1104/1096/69
f 1109/1101/63 1110/1102/63 1106/1098/70
f 1106/1098/70 1105/1097/70 1109/1101/63
f 1108/1100/68 1107/1099/68 1111/1103/68
f 1111/1103/68 1112/1104/68 1108/1100/68
f 1113/1105/73 1114/1106/73 1110/1102/63
f 1110/1102/63 1109/1101/63 1113/1105/73
f 1112/1104/68 1111/1103/68 1115/1107/68
f 1115/1107/68 1116/1108/68 1112/1104/68
f 1117/1109/63 1118/1110/63 1114/1106/73
f 1114/1106/73 1113/1105/73 1117/1109/63
f 1116/1108/68 1115/1107/68 1119/1111/68
f 1119/1111/68 1120/1112/68 1116/1108/68
f 1121/1113/63 1122/1114/63 1118/1110/63
f 1118/1110/63 1117/1109/63 1121/1113/63
f 1123/1115/68 1124/1116/68 1125/1117/68
f 1125/1117/68 1126/1118/68 1123/1115/68
f 1127/1119/63 1060/1052/63 1057/1049/63
f 1057/1049/63 1128/1120/63 1127/1119/63
f 1126/1118/68 1125/1117/68 1129/1121/68
f 1129/1121/68 1130/1122/68 1126/1118/68
f 1131/1123/63 1132/1124/63 1060/1052/63
f 1060/1052/63 1127/1119/63 1131/1123/63
f 1130/1122/68 1129/1121/68 1133/1125/68
f 1133/1125/68 1134/1126/68 1130/1122/68
f 1135/1127/63 1136/1128/63 1132/1124/63
f 1132/1124/63 1131/1123/63 1135/1127/63
f 1134/1126/68 1133/1125/68 1137/1129/68
f 1137/1129/68 1138/1130/68 1134/1126/68
f 1139/1131/63 1140/1132/63 1136/1128/63
f 1136/1128/63 1135/1127/63 1139/1131/63
f 1138/1130/68 1137/1129/68 1141/1133/68
f 1141/1133/68 1142/1134/68 1138/1130/68
f 1143/1135/63 1144/1136/63 1140/1132/63
f 1140/1132/63 1139/1131/63 1143/1135/63
f 1142/1134/68 1141/1133/68 1145/1137/68
f 1145/1137/68 1146/1138/68 1142/1134/68
f 1147/1139/63 1148/1140/63 1144/1136/63
f 1144/1136/63 1143/1135/63 1147/1139/63
f 1146/1138/68 1145/1137/68 1149/1141/68
f 1149/1141/68 1150/1142/68 1146/1138/68
f 1151/1143/63 1152/1144/63 1148/1140/63
f 1148/1140/63 1147/1139/63 1151/1143/63
f 1150/1142/68 1149/1141/68 1153/1145/68
f 1153/1145/68 278/278/68 1150/1142/68
f 278/278/16 1153/1145/16 1154/1146/16
f 1154/1146/16 279/279/16 278/278/16
f 279/279/63 1154/1146/63 1152/1144/63
f 1152/1144/63 1151/1143/63 279/279/63
f 839/831/14 836/828/14 837/829/14
f 837/829/14 840/832/14 839/831/14
f 933/925/14 937/929/14 840/832/14
f 840/832/14 837/829/14 933/925/14
f 1022/1014/63 1031/1023/63 1030/1022/63
f 1030/1022/63 1023/1015/63 1022/1014/63
f 886/878/14 884/876/14 883/875/14
f 883/875/14 887/879/14 886/878/14
f 1021/1013/68 1020/1012/68 1025/1017/68
f 1025/1017/68 1024/1016/68 1021/1013/68
f 932/924/14 84/84/14 750/742/14
f 750/742/14 934/926/14 932/924/14
f 750/742/14 84/84/14 63/63/14
f 63/63/14 746/738/14 750/742/14
f 746/738/14 63/63/14 42/42/14
f 42/42/14 740/732/14 746/738/14
f 740/732/14 42/42/14 41/41/14
f 41/41/14 741/733/14 740/732/14
f 741/733/14 41/41/14 734/726/14
f 734/726/14 763/755/14 741/733/14
f 766/758/63 366/366/63 365/365/63
f 365/365/63 767/759/63 766/758/63
f 770/762/42 731/723/42 730/722/42
f 730/722/42 736/728/42 770/762/42
f 736/728/42 730/722/42 1155/1147/42
f 1155/1147/42 737/729/42 736/728/42
f 737/729/42 1155/1147/42 1156/1148/42
f 1156/1148/42 743/735/42 737/729/42
f 743/735/42 1156/1148/42 1157/1149/42
f 1157/1149/42 747/739/42 743/735/42
f 747/739/42 1157/1149/42 170/170/42
f 170/170/42 751/743/42 747/739/42
f 751/743/42 170/170/42 169/169/42
f 169/169/42 753/745/42 751/743/42
f 753/745/42 169/169/42 439/439/42
f 439/439/42 756/748/42 753/745/42
f 756/748/42 439/439/42 1158/1150/30
f 1158/1150/30 757/749/30 756/748/42
f 760/752/14 433/433/14 432/432/14
f 432/432/14 761/753/14 760/752/14
f 761/753/14 432/432/14 836/828/14
f 836/828/14 839/831/14 761/753/14
f 1159/1151/42 735/727/42 738/730/42
f 738/730/42 1160/1152/42 1159/1151/42
f 1161/1153/14 739/731/14 742/734/14
f 742/734/14 1162/1154/14 1161/1153/14
f 1160/1152/42 738/730/42 744/736/42
f 744/736/42 1163/1155/42 1160/1152/42
f 1164/1156/14 745/737/14 739/731/14
f 739/731/14 1161/1153/14 1164/1156/14
f 1163/1155/42 744/736/42 748/740/42
f 748/740/42 1165/1157/42 1163/1155/42
f 1166/1158/14 749/741/14 745/737/14
f 745/737/14 1164/1156/14 1166/1158/14
f 1165/1157/42 748/740/42 752/744/42
f 752/744/42 1167/1159/42 1165/1157/42
f 1168/1160/130 841/833/14 749/741/14
f 749/741/14 1166/1158/14 1168/1160/130
f 1169/1161/42 755/747/42 758/750/30
f 758/750/30 1170/1162/30 1169/1161/42
f 1171/1163/42 754/746/42 755/747/42
f 755/747/42 1169/1161/42 1171/1163/42
f 1172/1164/14 759/751/14 762/754/106
f 762/754/106 1173/1165/106 1172/1164/14
f 1162/1154/14 742/734/14 764/756/14
f 764/756/14 1174/1166/14 1162/1154/14
f 1175/1167/63 765/757/63 768/760/63
f 768/760/63 1176/1168/63 1175/1167/63
f 1177/1169/42 769/761/42 735/727/42
f 735/727/42 1159/1151/42 1177/1169/42
f 1167/1159/42 752/744/42 754/746/42
f 754/746/42 1171/1163/42 1167/1159/42
f 1173/1165/106 762/754/106 838/830/106
f 838/830/106 1178/1170/14 1173/1165/106
f 1179/1171/130 842/834/14 841/833/14
f 841/833/14 1168/1160/130 1179/1171/130
f 1178/1170/14 838/830/106 842/834/14
f 842/834/14 1179/1171/130 1178/1170/14
f 380/380/1 771/763/1 772/764/1
f 772/764/1 381/381/1 380/380/1
f 1180/1172/16 773/765/16 775/767/16
f 775/767/16 1181/1173/16 1180/1172/16
f 381/381/1 772/764/1 776/768/1
f 776/768/1 383/383/1 381/381/1
f 1182/1174/16 777/769/16 773/765/16
f 773/765/16 1180/1172/16 1182/1174/16
f 383/383/1 776/768/1 779/771/1
f 779/771/1 385/385/1 383/383/1
f 1183/1175/16 780/772/16 777/769/16
f 777/769/16 1182/1174/16 1183/1175/16
f 385/385/1 779/771/1 794/786/1
f 794/786/1 387/387/1 385/385/1
f 1184/1176/16 782/774/16 780/772/16
f 780/772/16 1183/1175/16 1184/1176/16
f 390/390/1 797/789/1 787/779/1
f 787/779/1 391/391/1 390/390/1
f 1185/1177/16 783/775/16 782/774/16
f 782/774/16 1184/1176/16 1185/1177/16
f 1186/1178/16 784/776/16 786/778/16
f 786/778/16 1187/1179/16 1186/1178/16
f 391/391/1 787/779/1 788/780/1
f 788/780/1 461/461/1 391/391/1
f 1187/1179/16 786/778/16 783/775/16
f 783/775/16 1185/1177/16 1187/1179/16
f 1181/1173/16 775/767/16 789/781/16
f 789/781/16 1188/1180/16 1181/1173/16
f 1189/1181/63 790/782/63 791/783/63
f 791/783/63 1190/1182/63 1189/1181/63
f 670/662/1 792/784/1 771/763/1
f 771/763/1 380/380/1 670/662/1
f 387/387/1 794/786/1 797/789/1
f 797/789/1 390/390/1 387/387/1
f 1191/1183/131 1192/1184/131 1193/1185/132
f 1193/1185/132 1194/1186/132 1191/1183/131
f 1194/1186/132 1193/1185/132 1195/1187/133
f 1195/1187/133 1196/1188/133 1194/1186/132
f 1197/1189/133 1198/1190/133 1199/1191/134
f 1199/1191/134 1200/1192/134 1197/1189/133
f 1200/1192/134 1199/1191/134 1201/1193/135
f 1201/1193/135 1202/1194/136 1200/1192/134
f 1202/1194/136 1201/1193/135 1203/1195/137
f 1203/1195/137 1204/1196/137 1202/1194/136
f 1203/1195/137 392/392/1 395/395/1
f 395/395/1 1204/1196/137 1203/1195/137
f 1204/1196/137 395/395/1 397/397/1
f 397/397/1 1205/1197/137 1204/1196/137
f 1205/1197/137 397/397/1 399/399/1
f 399/399/1 1206/1198/137 1205/1197/137
f 1206/1198/137 399/399/1 401/401/1
f 401/401/1 1207/1199/137 1206/1198/137
f 1207/1199/137 401/401/1 403/403/2
f 403/403/2 1208/1200/138 1207/1199/137
f 1208/1200/138 403/403/2 405/405/3
f 405/405/3 1209/1201/139 1208/1200/138
f 1209/1201/139 405/405/3 407/407/4
f 407/407/4 1210/1202/140 1209/1201/139
f 1210/1202/140 407/407/4 409/409/5
f 409/409/5 1211/1203/141 1210/1202/140
f 1211/1203/141 409/409/5 411/411/6
f 411/411/6 1212/1204/142 1211/1203/141
f 1212/1204/142 411/411/6 413/413/7
f 413/413/7 1213/1205/143 1212/1204/142
f 1213/1205/143 413/413/7 415/415/15
f 415/415/15 1214/1206/144 1213/1205/143
f 1214/1206/144 415/415/15 417/417/9
f 417/417/9 1215/1207/145 1214/1206/144
f 1215/1207/145 417/417/9 419/419/64
f 419/419/64 1216/1208/146 1215/1207/145
f 1216/1208/146 419/419/64 421/421/11
f 421/421/11 1217/1209/147 1216/1208/146
f 1217/1209/147 421/421/11 423/423/12
f 423/423/12 1218/1210/148 1217/1209/147
f 1218/1210/148 423/423/12 425/425/13
f 425/425/13 1219/1211/149 1218/1210/148
f 1219/1211/149 425/425/13 427/427/14
f 427/427/14 1220/1212/150 1219/1211/149
f 1220/1212/150 427/427/14 429/429/14
f 429/429/14 1221/1213/150 1220/1212/150
f 1221/1213/150 429/429/14 431/431/14
f 431/431/14 1222/1214/150 1221/1213/150
f 1222/1214/150 431/431/14 433/433/14
f 433/433/14 1223/1215/150 1222/1214/150
f 463/463/68 1192/1184/131 1191/1183/131
f 1191/1183/131 464/464/68 463/463/68
f 464/464/68 1191/1183/131 1224/1216/131
f 1224/1216/131 474/474/68 464/464/68
f 474/474/68 1224/1216/131 1225/1217/131
f 1225/1217/131 478/478/68 474/474/68
f 478/478/68 1225/1217/131 1226/1218/151
f 1226/1218/151 482/482/68 478/478/68
f 482/482/68 1226/1218/151 1227/1219/152
f 1227/1219/152 486/486/68 482/482/68
f 486/486/68 1227/1219/152 1228/1220/153
f 1228/1220/153 490/490/68 486/486/68
f 490/490/68 1228/1220/153 1229/1221/154
f 1229/1221/154 494/494/68 490/490/68
f 494/494/68 1229/1221/154 1230/1222/155
f 1230/1222/155 498/498/68 494/494/68
f 498/498/68 1230/1222/155 1231/1223/156
f 1231/1223/156 502/502/68 498/498/68
f 502/502/68 1231/1223/156 1232/1224/157
f 1232/1224/157 506/506/68 502/502/68
f 506/506/68 1232/1224/157 1233/1225/158
f 1233/1225/158 510/510/68 506/506/68
f 510/510/68 1233/1225/158 1234/1226/159
f 1234/1226/159 514/514/68 510/510/68
f 514/514/68 1234/1226/159 1235/1227/160
f 1235/1227/160 520/520/68 514/514/68
f 520/520/68 1235/1227/160 1236/1228/161
f 1236/1228/161 524/524/68 520/520/68
f 524/524/68 1236/1228/161 1237/1229/162
f 1237/1229/162 528/528/68 524/524/68
f 528/528/68 1237/1229/162 1238/1230/163
f 1238/1230/163 532/532/68 528/528/68
f 532/532/68 1238/1230/163 1239/1231/164
f 1239/1231/164 536/536/68 532/532/68
f 536/536/68 1239/1231/164 1240/1232/164
f 1240/1232/164 540/540/68 536/536/68
f 540/540/68 1240/1232/164 1241/1233/164
f 1241/1233/164 544/544/68 540/540/68
f 544/544/68 1241/1233/164 1242/1234/164
f 1242/1234/164 548/548/68 544/544/68
f 1243/1235/165 1244/1236/68 1245/1237/164
f 1245/1237/164 1246/1238/166 1243/1235/165
f 1247/1239/167 1248/1240/150 760/752/14
f 760/752/14 759/751/14 1247/1239/167
f 788/780/1 392/392/1 1203/1195/137
f 1203/1195/137 1249/1241/137 788/780/1
f 1250/1242/131 1192/1184/131 463/463/68
f 463/463/68 1251/1243/68 1250/1242/131
f 1244/1236/68 548/548/68 1242/1234/164
f 1242/1234/164 1245/1237/164 1244/1236/68
f 1248/1240/150 1223/1215/150 433/433/14
f 433/433/14 760/752/14 1248/1240/150
f 1252/1244/168 1243/1235/165 1246/1238/166
f 1246/1238/166 1253/1245/169 1252/1244/168
f 1254/1246/167 1247/1239/167 759/751/14
f 759/751/14 1172/1164/14 1254/1246/167
f 461/461/1 788/780/1 1249/1241/137
f 1249/1241/137 1255/1247/137 461/461/1
f 1256/1248/131 1250/1242/131 1251/1243/68
f 1251/1243/68 1257/1249/68 1256/1248/131
f 1258/1250/170 1259/1251/170 434/434/65
f 1258/1250/170 434/434/65 437/437/65
f 1258/1250/170 437/437/65 1260/1252/170
f 1258/1250/170 1260/1252/170 1261/1253/170
f 1258/1250/170 1261/1253/170 1262/1254/170
f 1258/1250/170 1262/1254/170 1263/1255/170
f 1263/1255/170 1264/1256/170 1258/1250/170
f 1265/1257/42 1266/1258/42 1267/1259/42
f 1265/1257/42 1267/1259/42 460/460/42
f 1265/1257/42 460/460/42 461/461/42
f 1265/1257/42 461/461/42 1255/1247/42
f 1265/1257/42 1255/1247/42 1268/1260/42
f 1265/1257/42 1268/1260/42 1269/1261/42
f 1269/1261/42 1270/1262/42 1265/1257/42
f 1271/1263/171 1193/1185/132 1192/1184/131
f 1192/1184/131 1250/1242/131 1271/1263/171
f 1272/1264/133 1195/1187/133 1193/1185/132
f 1193/1185/132 1271/1263/171 1272/1264/133
f 1273/1265/134 1199/1191/134 1198/1190/133
f 1198/1190/133 1274/1266/133 1273/1265/134
f 1249/1241/137 1203/1195/137 1201/1193/135
f 1201/1193/135 1275/1267/172 1249/1241/137
f 1275/1267/172 1201/1193/135 1199/1191/134
f 1199/1191/134 1273/1265/134 1275/1267/172
f 1276/1268/136 1202/1194/136 1204/1196/137
f 1204/1196/137 1205/1197/137 1276/1268/136
f 1277/1269/134 1200/1192/134 1202/1194/136
f 1202/1194/136 1276/1268/136 1277/1269/134
f 1278/1270/133 1197/1189/133 1200/1192/134
f 1200/1192/134 1277/1269/134 1278/1270/133
f 1224/1216/131 1191/1183/131 1194/1186/132
f 1194/1186/132 1279/1271/132 1224/1216/131
f 1279/1271/132 1194/1186/132 1196/1188/133
f 1196/1188/133 1280/1272/133 1279/1271/132
f 1281/1273/136 1276/1268/136 1205/1197/137
f 1205/1197/137 1206/1198/137 1281/1273/136
f 1282/1274/134 1277/1269/134 1276/1268/136
f 1276/1268/136 1281/1273/136 1282/1274/134
f 1283/1275/133 1278/1270/133 1277/1269/134
f 1277/1269/134 1282/1274/134 1283/1275/133
f 1225/1217/131 1224/1216/131 1279/1271/132
f 1279/1271/132 1284/1276/132 1225/1217/131
f 1284/1276/132 1279/1271/132 1280/1272/133
f 1280/1272/133 1285/1277/133 1284/1276/132
f 1286/1278/173 1281/1273/136 1206/1198/137
f 1206/1198/137 1207/1199/137 1286/1278/173
f 1287/1279/174 1282/1274/134 1281/1273/136
f 1281/1273/136 1286/1278/173 1287/1279/174
f 1288/1280/175 1283/1275/133 1282/1274/134
f 1282/1274/134 1287/1279/174 1288/1280/175
f 1226/1218/151 1225/1217/131 1284/1276/132
f 1284/1276/132 1289/1281/176 1226/1218/151
f 1289/1281/176 1284/1276/132 1285/1277/133
f 1285/1277/133 1290/1282/175 1289/1281/176
f 1291/1283/177 1286/1278/173 1207/1199/137
f 1207/1199/137 1208/1200/138 1291/1283/177
f 1292/1284/178 1287/1279/174 1286/1278/173
f 1286/1278/173 1291/1283/177 1292/1284/178
f 1293/1285/179 1288/1280/175 1287/1279/174
f 1287/1279/174 1292/1284/178 1293/1285/179
f 1227/1219/152 1226/1218/151 1289/1281/176
f 1289/1281/176 1294/1286/180 1227/1219/152
f 1294/1286/180 1289/1281/176 1290/1282/175
f 1290/1282/175 1295/1287/179 1294/1286/180
f 1296/1288/181 1291/1283/177 1208/1200/138
f 1208/1200/138 1209/1201/139 1296/1288/181
f 1297/1289/182 1292/1284/178 1291/1283/177
f 1291/1283/177 1296/1288/181 1297/1289/182
f 1298/1290/183 1293/1285/179 1292/1284/178
f 1292/1284/178 1297/1289/182 1298/1290/183
f 1228/1220/153 1227/1219/152 1294/1286/180
f 1294/1286/180 1299/1291/184 1228/1220/153
f 1299/1291/184 1294/1286/180 1295/1287/179
f 1295/1287/179 1300/1292/183 1299/1291/184
f 1301/1293/185 1296/1288/181 1209/1201/139
f 1209/1201/139 1210/1202/140 1301/1293/185
f 1302/1294/186 1297/1289/182 1296/1288/181
f 1296/1288/181 1301/1293/185 1302/1294/186
f 1303/1295/187 1298/1290/183 1297/1289/182
f 1297/1289/182 1302/1294/186 1303/1295/187
f 1229/1221/154 1228/1220/153 1299/1291/184
f 1299/1291/184 1304/1296/188 1229/1221/154
f 1304/1296/188 1299/1291/184 1300/1292/183
f 1300/1292/183 1305/1297/187 1304/1296/188
f 1306/1298/189 1301/1293/185 1210/1202/140
f 1210/1202/140 1211/1203/141 1306/1298/189
f 1307/1299/190 1302/1294/186 1301/1293/185
f 1301/1293/185 1306/1298/189 1307/1299/190
f 1308/1300/191 1303/1295/187 1302/1294/186
f 1302/1294/186 1307/1299/190 1308/1300/191
f 1230/1222/155 1229/1221/154 1304/1296/188
f 1304/1296/188 1309/1301/192 1230/1222/155
f 1309/1301/192 1304/1296/188 1305/1297/187
f 1305/1297/187 1310/1302/191 1309/1301/192
f 1311/1303/193 1306/1298/189 1211/1203/141
f 1211/1203/141 1212/1204/142 1311/1303/193
f 1312/1304/194 1307/1299/190 1306/1298/189
f 1306/1298/189 1311/1303/193 1312/1304/194
f 1313/1305/195 1308/1300/191 1307/1299/190
f 1307/1299/190 1312/1304/194 1313/1305/195
f 1231/1223/156 1230/1222/155 1309/1301/192
f 1309/1301/192 1314/1306/196 1231/1223/156
f 1314/1306/196 1309/1301/192 1310/1302/191
f 1310/1302/191 1315/1307/195 1314/1306/196
f 1316/1308/197 1311/1303/193 1212/1204/142
f 1212/1204/142 1213/1205/143 1316/1308/197
f 1317/1309/198 1312/1304/194 1311/1303/193
f 1311/1303/193 1316/1308/197 1317/1309/198
f 1318/1310/199 1313/1305/195 1312/1304/194
f 1312/1304/194 1317/1309/198 1318/1310/199
f 1232/1224/157 1231/1223/156 1314/1306/196
f 1314/1306/196 1319/1311/200 1232/1224/157
f 1319/1311/200 1314/1306/196 1315/1307/195
f 1315/1307/195 1320/1312/199 1319/1311/200
f 1321/1313/201 1316/1308/197 1213/1205/143
f 1213/1205/143 1214/1206/144 1321/1313/201
f 1322/1314/202 1317/1309/198 1316/1308/197
f 1316/1308/197 1321/1313/201 1322/1314/202
f 1323/1315/203 1318/1310/199 1317/1309/198
f 1317/1309/198 1322/1314/202 1323/1315/203
f 1233/1225/158 1232/1224/157 1319/1311/200
f 1319/1311/200 1324/1316/204 1233/1225/158
f 1324/1316/204 1319/1311/200 1320/1312/199
f 1320/1312/199 1325/1317/203 1324/1316/204
f 1326/1318/205 1321/1313/201 1214/1206/144
f 1214/1206/144 1215/1207/145 1326/1318/205
f 1327/1319/206 1322/1314/202 1321/1313/201
f 1321/1313/201 1326/1318/205 1327/1319/206
f 1328/1320/207 1323/1315/203 1322/1314/202
f 1322/1314/202 1327/1319/206 1328/1320/207
f 1234/1226/159 1233/1225/158 1324/1316/204
f 1324/1316/204 1329/1321/208 1234/1226/159
f 1329/1321/208 1324/1316/204 1325/1317/203
f 1325/1317/203 1330/1322/207 1329/1321/208
f 1331/1323/209 1326/1318/205 1215/1207/145
f 1215/1207/145 1216/1208/146 1331/1323/209
f 1332/1324/210 1327/1319/206 1326/1318/205
f 1326/1318/205 1331/1323/209 1332/1324/210
f 1333/1325/211 1328/1320/207 1327/1319/206
f 1327/1319/206 1332/1324/210 1333/1325/211
f 1235/1227/160 1234/1226/159 1329/1321/208
f 1329/1321/208 1334/1326/212 1235/1227/160
f 1334/1326/212 1329/1321/208 1330/1322/207
f 1330/1322/207 1335/1327/211 1334/1326/212
f 1336/1328/213 1331/1323/209 1216/1208/146
f 1216/1208/146 1217/1209/147 1336/1328/213
f 1337/1329/214 1332/1324/210 1331/1323/209
f 1331/1323/209 1336/1328/213 1337/1329/214
f 1338/1330/215 1333/1325/211 1332/1324/210
f 1332/1324/210 1337/1329/214 1338/1330/215
f 1236/1228/161 1235/1227/160 1334/1326/212
f 1334/1326/212 1339/1331/216 1236/1228/161
f 1339/1331/216 1334/1326/212 1335/1327/211
f 1335/1327/211 1340/1332/215 1339/1331/216
f 1341/1333/217 1336/1328/213 1217/1209/147
f 1217/1209/147 1218/1210/148 1341/1333/217
f 1342/1334/218 1337/1329/214 1336/1328/213
f 1336/1328/213 1341/1333/217 1342/1334/218
f 1343/1335/219 1338/1330/215 1337/1329/214
f 1337/1329/214 1342/1334/218 1343/1335/219
f 1237/1229/162 1236/1228/161 1339/1331/216
f 1339/1331/216 1344/1336/220 1237/1229/162
f 1344/1336/220 1339/1331/216 1340/1332/215
f 1340/1332/215 1345/1337/219 1344/1336/220
f 1346/1338/221 1341/1333/217 1218/1210/148
f 1218/1210/148 1219/1211/149 1346/1338/221
f 1347/1339/222 1342/1334/218 1341/1333/217
f 1341/1333/217 1346/1338/221 1347/1339/222
f 1348/1340/223 1343/1335/219 1342/1334/218
f 1342/1334/218 1347/1339/222 1348/1340/223
f 1238/1230/163 1237/1229/162 1344/1336/220
f 1344/1336/220 1349/1341/224 1238/1230/163
f 1349/1341/224 1344/1336/220 1345/1337/219
f 1345/1337/219 1350/1342/223 1349/1341/224
f 1351/1343/225 1346/1338/221 1219/1211/149
f 1219/1211/149 1220/1212/150 1351/1343/225
f 1352/1344/226 1347/1339/222 1346/1338/221
f 1346/1338/221 1351/1343/225 1352/1344/226
f 1353/1345/227 1348/1340/223 1347/1339/222
f 1347/1339/222 1352/1344/226 1353/1345/227
f 1239/1231/164 1238/1230/163 1349/1341/224
f 1349/1341/224 1354/1346/228 1239/1231/164
f 1354/1346/228 1349/1341/224 1350/1342/223
f 1350/1342/223 1355/1347/227 1354/1346/228
f 1356/1348/229 1351/1343/225 1220/1212/150
f 1220/1212/150 1221/1213/150 1356/1348/229
f 1357/1349/230 1352/1344/226 1351/1343/225
f 1351/1343/225 1356/1348/229 1357/1349/230
f 1358/1350/227 1353/1345/227 1352/1344/226
f 1352/1344/226 1357/1349/230 1358/1350/227
f 1240/1232/164 1239/1231/164 1354/1346/228
f 1354/1346/228 1359/1351/228 1240/1232/164
f 1359/1351/228 1354/1346/228 1355/1347/227
f 1355/1347/227 1360/1352/227 1359/1351/228
f 1361/1353/229 1356/1348/229 1221/1213/150
f 1221/1213/150 1222/1214/150 1361/1353/229
f 1362/1354/230 1357/1349/230 1356/1348/229
f 1356/1348/229 1361/1353/229 1362/1354/230
f 1363/1355/227 1358/1350/227 1357/1349/230
f 1357/1349/230 1362/1354/230 1363/1355/227
f 1241/1233/164 1240/1232/164 1359/1351/228
f 1359/1351/228 1364/1356/228 1241/1233/164
f 1364/1356/228 1359/1351/228 1360/1352/227
f 1360/1352/227 1365/1357/227 1364/1356/228
f 1366/1358/225 1361/1353/229 1222/1214/150
f 1222/1214/150 1223/1215/150 1366/1358/225
f 1367/1359/231 1362/1354/230 1361/1353/229
f 1361/1353/229 1366/1358/225 1367/1359/231
f 1368/1360/227 1363/1355/227 1362/1354/230
f 1362/1354/230 1367/1359/231 1368/1360/227
f 1242/1234/164 1241/1233/164 1364/1356/228
f 1364/1356/228 1369/1361/232 1242/1234/164
f 1369/1361/232 1364/1356/228 1365/1357/227
f 1365/1357/227 1370/1362/227 1369/1361/232
f 1371/1363/225 1366/1358/225 1223/1215/150
f 1223/1215/150 1248/1240/150 1371/1363/225
f 1372/1364/231 1367/1359/231 1366/1358/225
f 1366/1358/225 1371/1363/225 1372/1364/231
f 1373/1365/233 1370/1362/227 1374/1366/231
f 1374/1366/231 1375/1367/231 1373/1365/233
f 1245/1237/164 1242/1234/164 1369/1361/232
f 1369/1361/232 1376/1368/234 1245/1237/164
f 1376/1368/234 1369/1361/232 1370/1362/227
f 1370/1362/227 1373/1365/233 1376/1368/234
f 1377/1369/235 1371/1363/225 1248/1240/150
f 1248/1240/150 1247/1239/167 1377/1369/235
f 1378/1370/236 1372/1364/231 1371/1363/225
f 1371/1363/225 1377/1369/235 1378/1370/236
f 1379/1371/237 1373/1365/233 1375/1367/231
f 1375/1367/231 1380/1372/236 1379/1371/237
f 1246/1238/166 1245/1237/164 1376/1368/234
f 1376/1368/234 1381/1373/238 1246/1238/166
f 1381/1373/238 1376/1368/234 1373/1365/233
f 1373/1365/233 1379/1371/237 1381/1373/238
f 1382/1374/171 1271/1263/171 1250/1242/131
f 1250/1242/131 1256/1248/131 1382/1374/171
f 1383/1375/133 1272/1264/133 1271/1263/171
f 1271/1263/171 1382/1374/171 1383/1375/133
f 1269/1261/134 1273/1265/134 1274/1266/133
f 1274/1266/133 1270/1262/133 1269/1261/134
f 1255/1247/137 1249/1241/137 1275/1267/172
f 1275/1267/172 1268/1260/136 1255/1247/137
f 1268/1260/136 1275/1267/172 1273/1265/134
f 1273/1265/134 1269/1261/134 1268/1260/136
f 1384/1376/239 1377/1369/235 1247/1239/167
f 1247/1239/167 1254/1246/167 1384/1376/239
f 1385/1377/240 1378/1370/236 1377/1369/235
f 1377/1369/235 1384/1376/239 1385/1377/240
f 1386/1378/241 1379/1371/237 1380/1372/236
f 1380/1372/236 1387/1379/240 1386/1378/241
f 1253/1245/169 1246/1238/166 1381/1373/238
f 1381/1373/238 1388/1380/238 1253/1245/169
f 1388/1380/238 1381/1373/238 1379/1371/237
f 1379/1371/237 1386/1378/241 1388/1380/238
# Vertices: 1388, normals: 241, texture coordinates: 1380, faces: 1776

